Device_id,Model ID,Task ID,Stream ID,Op Name,OP Type,OP State,Task Type,Task Start Time(us),Task Duration(us),Task Wait Time(us),Block Dim,Mix Block Dim,HF32 Eligible,Input Shapes,Input Data Types,Input Formats,Output Shapes,Output Data Types,Output Formats,Context ID,aicore_time(us),aic_total_cycles,aic_mac_time(us),aic_mac_ratio,aic_scalar_time(us),aic_scalar_ratio,aic_mte1_time(us),aic_mte1_ratio,aic_mte2_time(us),aic_mte2_ratio,aic_fixpipe_time(us),aic_fixpipe_ratio,aic_icache_miss_rate,aiv_time(us),aiv_total_cycles,aiv_vec_time(us),aiv_vec_ratio,aiv_scalar_time(us),aiv_scalar_ratio,aiv_mte2_time(us),aiv_mte2_ratio,aiv_mte3_time(us),aiv_mte3_ratio,aiv_icache_miss_rate,cube_utilization(%)
0,4294967295,0,188,MhcHeadCollapse,MhcHeadCollapse,dynamic,AI_VECTOR_CORE,1789389240921494.561	,22.201,0,20,0,NO,"""1,32,1024;8,1024;8;8""",FLOAT16;FLOAT;FLOAT;FLOAT,ND;ND;ND;ND,"""1,32,128""",FLOAT16,ND,N/A,0.0,0,0.0,0.0,0.0,0.0,0.0,0.0,0.0,0.0,0.0,0.0,0.0,19.117,630851,1.775,0.093,6.658,0.348,7.633,0.399,0.403,0.021,0.078,0.000
0,4294967295,1,188,MhcHeadCollapse,MhcHeadCollapse,dynamic,AI_VECTOR_CORE,1789389240921536.502	,19.781,19.799000,20,0,NO,"""1,32,1024;8,1024;8;8""",FLOAT16;FLOAT;FLOAT;FLOAT,ND;ND;ND;ND,"""1,32,128""",FLOAT16,ND,N/A,0.0,0,0.0,0.0,0.0,0.0,0.0,0.0,0.0,0.0,0.0,0.0,0.0,16.148,532896,1.775,0.11,6.121,0.379,6.105,0.378,0.324,0.02,0.078,0.000
0,4294967295,2,188,MhcHeadCollapse,MhcHeadCollapse,dynamic,AI_VECTOR_CORE,1789389240921559.503	,9.660,3.219000,20,0,NO,"""1,32,1024;8,1024;8;8""",FLOAT16;FLOAT;FLOAT;FLOAT,ND;ND;ND;ND,"""1,32,128""",FLOAT16,ND,N/A,0.0,0,0.0,0.0,0.0,0.0,0.0,0.0,0.0,0.0,0.0,0.0,0.0,7.299,240863,1.768,0.242,4.737,0.649,1.138,0.156,0.214,0.029,0.0,0.000
0,4294967295,3,188,MhcHeadCollapse,MhcHeadCollapse,dynamic,AI_VECTOR_CORE,1789389240921569.203	,9.760,0.090000,20,0,NO,"""1,32,1024;8,1024;8;8""",FLOAT16;FLOAT;FLOAT;FLOAT,ND;ND;ND;ND,"""1,32,128""",FLOAT16,ND,N/A,0.0,0,0.0,0.0,0.0,0.0,0.0,0.0,0.0,0.0,0.0,0.0,0.0,7.244,239039,1.768,0.244,5.02,0.693,0.815,0.113,0.197,0.027,0.0,0.000
0,4294967295,4,188,MhcHeadCollapse,MhcHeadCollapse,dynamic,AI_VECTOR_CORE,1789389240921578.983	,9.260,0.000000,20,0,NO,"""1,32,1024;8,1024;8;8""",FLOAT16;FLOAT;FLOAT;FLOAT,ND;ND;ND;ND,"""1,32,128""",FLOAT16,ND,N/A,0.0,0,0.0,0.0,0.0,0.0,0.0,0.0,0.0,0.0,0.0,0.0,0.0,6.925,228526,1.768,0.255,4.571,0.66,0.94,0.136,0.216,0.031,0.0,0.000
0,4294967295,5,188,MhcHeadCollapse,MhcHeadCollapse,dynamic,AI_VECTOR_CORE,1789389240921588.263	,9.160,0.000000,20,0,NO,"""1,32,1024;8,1024;8;8""",FLOAT16;FLOAT;FLOAT;FLOAT,ND;ND;ND;ND,"""1,32,128""",FLOAT16,ND,N/A,0.0,0,0.0,0.0,0.0,0.0,0.0,0.0,0.0,0.0,0.0,0.0,0.0,6.916,228221,1.768,0.256,4.744,0.686,0.764,0.11,0.197,0.028,0.0,0.000
0,4294967295,6,188,MhcHeadCollapse,MhcHeadCollapse,dynamic,AI_VECTOR_CORE,1789389240921597.463	,9.641,0.090000,20,0,NO,"""1,32,1024;8,1024;8;8""",FLOAT16;FLOAT;FLOAT;FLOAT,ND;ND;ND;ND,"""1,32,128""",FLOAT16,ND,N/A,0.0,0,0.0,0.0,0.0,0.0,0.0,0.0,0.0,0.0,0.0,0.0,0.0,7.155,236129,1.768,0.247,4.666,0.652,1.063,0.149,0.216,0.03,0.0,0.000
0,4294967295,7,188,MhcHeadCollapse,MhcHeadCollapse,dynamic,AI_VECTOR_CORE,1789389240921607.144	,9.440,0.109000,20,0,NO,"""1,32,1024;8,1024;8;8""",FLOAT16;FLOAT;FLOAT;FLOAT,ND;ND;ND;ND,"""1,32,128""",FLOAT16,ND,N/A,0.0,0,0.0,0.0,0.0,0.0,0.0,0.0,0.0,0.0,0.0,0.0,0.0,7.063,233081,1.768,0.25,4.828,0.684,0.825,0.117,0.197,0.028,0.0,0.000
0,4294967295,8,188,MhcHeadCollapse,MhcHeadCollapse,dynamic,AI_VECTOR_CORE,1789389240921616.624	,8.980,0.000000,20,0,NO,"""1,32,1024;8,1024;8;8""",FLOAT16;FLOAT;FLOAT;FLOAT,ND;ND;ND;ND,"""1,32,128""",FLOAT16,ND,N/A,0.0,0,0.0,0.0,0.0,0.0,0.0,0.0,0.0,0.0,0.0,0.0,0.0,6.947,229254,1.768,0.254,4.615,0.664,0.91,0.131,0.214,0.031,0.0,0.000
0,4294967295,9,188,MhcHeadCollapse,MhcHeadCollapse,dynamic,AI_VECTOR_CORE,1789389240921625.624	,9.140,0.020000,20,0,NO,"""1,32,1024;8,1024;8;8""",FLOAT16;FLOAT;FLOAT;FLOAT,ND;ND;ND;ND,"""1,32,128""",FLOAT16,ND,N/A,0.0,0,0.0,0.0,0.0,0.0,0.0,0.0,0.0,0.0,0.0,0.0,0.0,6.883,227124,1.768,0.257,4.667,0.678,0.807,0.117,0.196,0.029,0.0,0.000
0,4294967295,10,188,MhcHeadCollapse,MhcHeadCollapse,dynamic,AI_VECTOR_CORE,1789389240921634.784	,9.280,0.110000,20,0,NO,"""1,32,1024;8,1024;8;8""",FLOAT16;FLOAT;FLOAT;FLOAT,ND;ND;ND;ND,"""1,32,128""",FLOAT16,ND,N/A,0.0,0,0.0,0.0,0.0,0.0,0.0,0.0,0.0,0.0,0.0,0.0,0.0,7.228,238528,1.768,0.245,4.703,0.651,1.1,0.152,0.214,0.03,0.0,0.000
0,4294967295,11,188,MhcHeadCollapse,MhcHeadCollapse,dynamic,AI_VECTOR_CORE,1789389240921644.084	,9.341,0.000000,20,0,NO,"""1,32,1024;8,1024;8;8""",FLOAT16;FLOAT;FLOAT;FLOAT,ND;ND;ND;ND,"""1,32,128""",FLOAT16,ND,N/A,0.0,0,0.0,0.0,0.0,0.0,0.0,0.0,0.0,0.0,0.0,0.0,0.0,7.033,232090,1.768,0.251,4.774,0.679,0.848,0.121,0.198,0.028,0.0,0.000
0,4294967295,12,188,MhcHeadCollapse,MhcHeadCollapse,dynamic,AI_VECTOR_CORE,1789389240921653.445	,9.300,0.159000,20,0,NO,"""1,32,1024;8,1024;8;8""",FLOAT16;FLOAT;FLOAT;FLOAT,ND;ND;ND;ND,"""1,32,128""",FLOAT16,ND,N/A,0.0,0,0.0,0.0,0.0,0.0,0.0,0.0,0.0,0.0,0.0,0.0,0.0,7.158,236206,1.768,0.247,4.665,0.652,1.073,0.15,0.215,0.03,0.0,0.000
0,4294967295,13,188,MhcHeadCollapse,MhcHeadCollapse,dynamic,AI_VECTOR_CORE,1789389240921662.765	,9.480,0.000000,20,0,NO,"""1,32,1024;8,1024;8;8""",FLOAT16;FLOAT;FLOAT;FLOAT,ND;ND;ND;ND,"""1,32,128""",FLOAT16,ND,N/A,0.0,0,0.0,0.0,0.0,0.0,0.0,0.0,0.0,0.0,0.0,0.0,0.0,7.085,233799,1.768,0.25,4.81,0.679,0.865,0.122,0.197,0.028,0.0,0.000
0,4294967295,14,188,MhcHeadCollapse,MhcHeadCollapse,dynamic,AI_VECTOR_CORE,1789389240921672.265	,9.620,0.020000,20,0,NO,"""1,32,1024;8,1024;8;8""",FLOAT16;FLOAT;FLOAT;FLOAT,ND;ND;ND;ND,"""1,32,128""",FLOAT16,ND,N/A,0.0,0,0.0,0.0,0.0,0.0,0.0,0.0,0.0,0.0,0.0,0.0,0.0,7.429,245169,1.768,0.238,4.858,0.654,1.146,0.154,0.214,0.029,0.0,0.000
0,4294967295,15,188,MhcHeadCollapse,MhcHeadCollapse,dynamic,AI_VECTOR_CORE,1789389240921681.905	,9.620,0.130000,20,0,NO,"""1,32,1024;8,1024;8;8""",FLOAT16;FLOAT;FLOAT;FLOAT,ND;ND;ND;ND,"""1,32,128""",FLOAT16,ND,N/A,0.0,0,0.0,0.0,0.0,0.0,0.0,0.0,0.0,0.0,0.0,0.0,0.0,7.197,237508,1.768,0.246,4.864,0.676,0.923,0.128,0.197,0.027,0.0,0.000
0,4294967295,16,188,MhcHeadCollapse,MhcHeadCollapse,dynamic,AI_VECTOR_CORE,1789389240921691.545	,9.761,0.000000,20,0,NO,"""1,32,1024;8,1024;8;8""",FLOAT16;FLOAT;FLOAT;FLOAT,ND;ND;ND;ND,"""1,32,128""",FLOAT16,ND,N/A,0.0,0,0.0,0.0,0.0,0.0,0.0,0.0,0.0,0.0,0.0,0.0,0.0,7.301,240937,1.768,0.242,4.74,0.649,1.147,0.157,0.214,0.029,0.0,0.000
0,4294967295,17,188,MhcHeadCollapse,MhcHeadCollapse,dynamic,AI_VECTOR_CORE,1789389240921701.346	,8.980,0.000000,20,0,NO,"""1,32,1024;8,1024;8;8""",FLOAT16;FLOAT;FLOAT;FLOAT,ND;ND;ND;ND,"""1,32,128""",FLOAT16,ND,N/A,0.0,0,0.0,0.0,0.0,0.0,0.0,0.0,0.0,0.0,0.0,0.0,0.0,7.277,240129,1.768,0.243,5.239,0.72,0.628,0.086,0.197,0.027,0.0,0.000
0,4294967295,18,188,MhcHeadCollapse,MhcHeadCollapse,dynamic,AI_VECTOR_CORE,1789389240921710.346	,9.480,0.020000,20,0,NO,"""1,32,1024;8,1024;8;8""",FLOAT16;FLOAT;FLOAT;FLOAT,ND;ND;ND;ND,"""1,32,128""",FLOAT16,ND,N/A,0.0,0,0.0,0.0,0.0,0.0,0.0,0.0,0.0,0.0,0.0,0.0,0.0,7.156,236136,1.768,0.247,4.675,0.653,1.053,0.147,0.216,0.03,0.0,0.000
0,4294967295,19,188,MhcHeadCollapse,MhcHeadCollapse,dynamic,AI_VECTOR_CORE,1789389240921719.846	,9.440,0.020000,20,0,NO,"""1,32,1024;8,1024;8;8""",FLOAT16;FLOAT;FLOAT;FLOAT,ND;ND;ND;ND,"""1,32,128""",FLOAT16,ND,N/A,0.0,0,0.0,0.0,0.0,0.0,0.0,0.0,0.0,0.0,0.0,0.0,0.0,7.056,232846,1.768,0.251,4.835,0.685,0.811,0.115,0.197,0.028,0.0,0.000
0,4294967295,20,188,MhcHeadCollapse,MhcHeadCollapse,dynamic,AI_VECTOR_CORE,1789389240921729.326	,9.560,0.060000,20,0,NO,"""1,32,1024;8,1024;8;8""",FLOAT16;FLOAT;FLOAT;FLOAT,ND;ND;ND;ND,"""1,32,128""",FLOAT16,ND,N/A,0.0,0,0.0,0.0,0.0,0.0,0.0,0.0,0.0,0.0,0.0,0.0,0.0,7.114,234765,1.768,0.248,4.65,0.654,1.048,0.147,0.214,0.03,0.0,0.000
0,4294967295,21,188,MhcHeadCollapse,MhcHeadCollapse,dynamic,AI_VECTOR_CORE,1789389240921738.906	,9.440,0.190000,20,0,NO,"""1,32,1024;8,1024;8;8""",FLOAT16;FLOAT;FLOAT;FLOAT,ND;ND;ND;ND,"""1,32,128""",FLOAT16,ND,N/A,0.0,0,0.0,0.0,0.0,0.0,0.0,0.0,0.0,0.0,0.0,0.0,0.0,7.08,233641,1.768,0.25,4.843,0.684,0.827,0.117,0.197,0.028,0.0,0.000
0,4294967295,22,188,MhcHeadCollapse,MhcHeadCollapse,dynamic,AI_VECTOR_CORE,1789389240921748.386	,9.181,0.060000,20,0,NO,"""1,32,1024;8,1024;8;8""",FLOAT16;FLOAT;FLOAT;FLOAT,ND;ND;ND;ND,"""1,32,128""",FLOAT16,ND,N/A,0.0,0,0.0,0.0,0.0,0.0,0.0,0.0,0.0,0.0,0.0,0.0,0.0,6.95,229348,1.768,0.254,4.527,0.651,0.996,0.143,0.215,0.031,0.0,0.000
0,4294967295,23,188,MhcHeadCollapse,MhcHeadCollapse,dynamic,AI_VECTOR_CORE,1789389240921757.587	,9.160,0.000000,20,0,NO,"""1,32,1024;8,1024;8;8""",FLOAT16;FLOAT;FLOAT;FLOAT,ND;ND;ND;ND,"""1,32,128""",FLOAT16,ND,N/A,0.0,0,0.0,0.0,0.0,0.0,0.0,0.0,0.0,0.0,0.0,0.0,0.0,6.905,227877,1.768,0.256,4.753,0.688,0.743,0.108,0.196,0.028,0.0,0.000
0,4294967295,24,188,MhcHeadCollapse,MhcHeadCollapse,dynamic,AI_VECTOR_CORE,1789389240921766.767	,9.380,0.090000,20,0,NO,"""1,32,1024;8,1024;8;8""",FLOAT16;FLOAT;FLOAT;FLOAT,ND;ND;ND;ND,"""1,32,128""",FLOAT16,ND,N/A,0.0,0,0.0,0.0,0.0,0.0,0.0,0.0,0.0,0.0,0.0,0.0,0.0,7.267,239826,1.768,0.243,4.742,0.652,1.096,0.151,0.218,0.03,0.0,0.000
0,4294967295,26,188,MhcHeadCollapse,MhcHeadCollapse,dynamic,AI_VECTOR_CORE,1789389240921851.069	,9.400,74.870000,20,0,NO,"""1,32,1024;8,1024;8;8""",FLOAT16;FLOAT;FLOAT;FLOAT,ND;ND;ND;ND,"""1,32,128""",FLOAT16,ND,N/A,0.0,0,0.0,0.0,0.0,0.0,0.0,0.0,0.0,0.0,0.0,0.0,0.0,7.026,231855,1.768,0.252,4.848,0.69,0.783,0.111,0.196,0.028,0.0,0.000
0,4294967295,27,188,MhcHeadCollapse,MhcHeadCollapse,dynamic,AI_VECTOR_CORE,1789389240921861.849	,9.440,1.350000,20,0,NO,"""1,32,1024;8,1024;8;8""",FLOAT16;FLOAT;FLOAT;FLOAT,ND;ND;ND;ND,"""1,32,128""",FLOAT16,ND,N/A,0.0,0,0.0,0.0,0.0,0.0,0.0,0.0,0.0,0.0,0.0,0.0,0.0,7.232,238658,1.768,0.244,4.659,0.644,1.19,0.165,0.214,0.03,0.0,0.000
0,4294967295,28,188,MhcHeadCollapse,MhcHeadCollapse,dynamic,AI_VECTOR_CORE,1789389240921871.329	,9.640,0.060000,20,0,NO,"""1,32,1024;8,1024;8;8""",FLOAT16;FLOAT;FLOAT;FLOAT,ND;ND;ND;ND,"""1,32,128""",FLOAT16,ND,N/A,0.0,0,0.0,0.0,0.0,0.0,0.0,0.0,0.0,0.0,0.0,0.0,0.0,7.193,237373,1.768,0.246,4.911,0.683,0.874,0.121,0.196,0.027,0.0,0.000
0,4294967295,29,188,MhcHeadCollapse,MhcHeadCollapse,dynamic,AI_VECTOR_CORE,1789389240921880.989	,9.820,0.110000,20,0,NO,"""1,32,1024;8,1024;8;8""",FLOAT16;FLOAT;FLOAT;FLOAT,ND;ND;ND;ND,"""1,32,128""",FLOAT16,ND,N/A,0.0,0,0.0,0.0,0.0,0.0,0.0,0.0,0.0,0.0,0.0,0.0,0.0,7.414,244671,1.768,0.238,4.773,0.644,1.216,0.164,0.214,0.029,0.0,0.000
0,4294967295,30,188,MhcHeadCollapse,MhcHeadCollapse,dynamic,AI_VECTOR_CORE,1789389240921890.829	,9.161,0.000000,20,0,NO,"""1,32,1024;8,1024;8;8""",FLOAT16;FLOAT;FLOAT;FLOAT,ND;ND;ND;ND,"""1,32,128""",FLOAT16,ND,N/A,0.0,0,0.0,0.0,0.0,0.0,0.0,0.0,0.0,0.0,0.0,0.0,0.0,6.845,225879,1.768,0.258,4.72,0.69,0.729,0.107,0.197,0.029,0.0,0.000
0,4294967295,31,188,MhcHeadCollapse,MhcHeadCollapse,dynamic,AI_VECTOR_CORE,1789389240921900.010	,9.300,0.089000,20,0,NO,"""1,32,1024;8,1024;8;8""",FLOAT16;FLOAT;FLOAT;FLOAT,ND;ND;ND;ND,"""1,32,128""",FLOAT16,ND,N/A,0.0,0,0.0,0.0,0.0,0.0,0.0,0.0,0.0,0.0,0.0,0.0,0.0,6.977,230254,1.768,0.253,4.607,0.66,0.969,0.139,0.214,0.031,0.0,0.000
0,4294967295,32,188,MhcHeadCollapse,MhcHeadCollapse,dynamic,AI_VECTOR_CORE,1789389240921909.350	,9.280,0.000000,20,0,NO,"""1,32,1024;8,1024;8;8""",FLOAT16;FLOAT;FLOAT;FLOAT,ND;ND;ND;ND,"""1,32,128""",FLOAT16,ND,N/A,0.0,0,0.0,0.0,0.0,0.0,0.0,0.0,0.0,0.0,0.0,0.0,0.0,6.997,230916,1.768,0.253,4.845,0.692,0.743,0.106,0.197,0.028,0.0,0.000
0,4294967295,33,188,MhcHeadCollapse,MhcHeadCollapse,dynamic,AI_VECTOR_CORE,1789389240921918.650	,8.820,0.220000,20,0,NO,"""1,32,1024;8,1024;8;8""",FLOAT16;FLOAT;FLOAT;FLOAT,ND;ND;ND;ND,"""1,32,128""",FLOAT16,ND,N/A,0.0,0,0.0,0.0,0.0,0.0,0.0,0.0,0.0,0.0,0.0,0.0,0.0,7.201,237622,1.768,0.245,5.164,0.717,0.609,0.085,0.216,0.03,0.0,0.000
0,4294967295,34,188,MhcHeadCollapse,MhcHeadCollapse,dynamic,AI_VECTOR_CORE,1789389240921927.490	,9.180,0.000000,20,0,NO,"""1,32,1024;8,1024;8;8""",FLOAT16;FLOAT;FLOAT;FLOAT,ND;ND;ND;ND,"""1,32,128""",FLOAT16,ND,N/A,0.0,0,0.0,0.0,0.0,0.0,0.0,0.0,0.0,0.0,0.0,0.0,0.0,6.936,228899,1.768,0.255,4.746,0.684,0.786,0.113,0.197,0.028,0.0,0.000
0,4294967295,35,188,MhcHeadCollapse,MhcHeadCollapse,dynamic,AI_VECTOR_CORE,1789389240921936.690	,9.020,0.070000,20,0,NO,"""1,32,1024;8,1024;8;8""",FLOAT16;FLOAT;FLOAT;FLOAT,ND;ND;ND;ND,"""1,32,128""",FLOAT16,ND,N/A,0.0,0,0.0,0.0,0.0,0.0,0.0,0.0,0.0,0.0,0.0,0.0,0.0,6.934,228809,1.768,0.255,4.618,0.666,0.92,0.133,0.214,0.031,0.0,0.000
0,4294967295,38,188,MhcHeadCollapse,MhcHeadCollapse,dynamic,AI_VECTOR_CORE,1789389240922039.852	,9.320,93.980000,20,0,NO,"""1,32,1024;8,1024;8;8""",FLOAT16;FLOAT;FLOAT;FLOAT,ND;ND;ND;ND,"""1,32,128""",FLOAT16,ND,N/A,0.0,0,0.0,0.0,0.0,0.0,0.0,0.0,0.0,0.0,0.0,0.0,0.0,7.071,233331,1.768,0.25,4.916,0.695,0.748,0.106,0.198,0.028,0.0,0.000
0,4294967295,39,188,MhcHeadCollapse,MhcHeadCollapse,dynamic,AI_VECTOR_CORE,1789389240922051.253	,9.440,2.180000,20,0,NO,"""1,32,1024;8,1024;8;8""",FLOAT16;FLOAT;FLOAT;FLOAT,ND;ND;ND;ND,"""1,32,128""",FLOAT16,ND,N/A,0.0,0,0.0,0.0,0.0,0.0,0.0,0.0,0.0,0.0,0.0,0.0,0.0,7.208,237867,1.768,0.245,4.72,0.655,1.099,0.152,0.214,0.03,0.0,0.000
0,4294967295,40,188,MhcHeadCollapse,MhcHeadCollapse,dynamic,AI_VECTOR_CORE,1789389240922066.353	,9.620,5.560000,20,0,NO,"""1,32,1024;8,1024;8;8""",FLOAT16;FLOAT;FLOAT;FLOAT,ND;ND;ND;ND,"""1,32,128""",FLOAT16,ND,N/A,0.0,0,0.0,0.0,0.0,0.0,0.0,0.0,0.0,0.0,0.0,0.0,0.0,7.188,237207,1.768,0.246,4.948,0.688,0.831,0.116,0.197,0.027,0.0,0.000
0,4294967295,41,188,MhcHeadCollapse,MhcHeadCollapse,dynamic,AI_VECTOR_CORE,1789389240922075.993	,9.800,0.130000,20,0,NO,"""1,32,1024;8,1024;8;8""",FLOAT16;FLOAT;FLOAT;FLOAT,ND;ND;ND;ND,"""1,32,128""",FLOAT16,ND,N/A,0.0,0,0.0,0.0,0.0,0.0,0.0,0.0,0.0,0.0,0.0,0.0,0.0,7.356,242763,1.768,0.24,4.747,0.645,1.185,0.161,0.214,0.029,0.0,0.000
0,4294967295,42,188,MhcHeadCollapse,MhcHeadCollapse,dynamic,AI_VECTOR_CORE,1789389240922085.833	,9.100,0.000000,20,0,NO,"""1,32,1024;8,1024;8;8""",FLOAT16;FLOAT;FLOAT;FLOAT,ND;ND;ND;ND,"""1,32,128""",FLOAT16,ND,N/A,0.0,0,0.0,0.0,0.0,0.0,0.0,0.0,0.0,0.0,0.0,0.0,0.0,6.878,226990,1.768,0.257,4.738,0.689,0.743,0.108,0.196,0.029,0.0,0.000
0,4294967295,43,188,MhcHeadCollapse,MhcHeadCollapse,dynamic,AI_VECTOR_CORE,1789389240922094.953	,9.321,0.150000,20,0,NO,"""1,32,1024;8,1024;8;8""",FLOAT16;FLOAT;FLOAT;FLOAT,ND;ND;ND;ND,"""1,32,128""",FLOAT16,ND,N/A,0.0,0,0.0,0.0,0.0,0.0,0.0,0.0,0.0,0.0,0.0,0.0,0.0,6.98,230340,1.768,0.253,4.609,0.66,0.962,0.138,0.216,0.031,0.0,0.000
0,4294967295,44,188,MhcHeadCollapse,MhcHeadCollapse,dynamic,AI_VECTOR_CORE,1789389240922104.294	,9.260,0.000000,20,0,NO,"""1,32,1024;8,1024;8;8""",FLOAT16;FLOAT;FLOAT;FLOAT,ND;ND;ND;ND,"""1,32,128""",FLOAT16,ND,N/A,0.0,0,0.0,0.0,0.0,0.0,0.0,0.0,0.0,0.0,0.0,0.0,0.0,7.003,231085,1.768,0.252,4.856,0.693,0.736,0.105,0.198,0.028,0.0,0.000
0,4294967295,45,188,MhcHeadCollapse,MhcHeadCollapse,dynamic,AI_VECTOR_CORE,1789389240922113.574	,9.420,0.000000,20,0,NO,"""1,32,1024;8,1024;8;8""",FLOAT16;FLOAT;FLOAT;FLOAT,ND;ND;ND;ND,"""1,32,128""",FLOAT16,ND,N/A,0.0,0,0.0,0.0,0.0,0.0,0.0,0.0,0.0,0.0,0.0,0.0,0.0,7.186,237123,1.768,0.246,4.73,0.658,1.027,0.143,0.218,0.03,0.0,0.000
0,4294967295,46,188,MhcHeadCollapse,MhcHeadCollapse,dynamic,AI_VECTOR_CORE,1789389240922123.014	,9.220,0.080000,20,0,NO,"""1,32,1024;8,1024;8;8""",FLOAT16;FLOAT;FLOAT;FLOAT,ND;ND;ND;ND,"""1,32,128""",FLOAT16,ND,N/A,0.0,0,0.0,0.0,0.0,0.0,0.0,0.0,0.0,0.0,0.0,0.0,0.0,6.926,228554,1.768,0.255,4.71,0.68,0.818,0.118,0.197,0.028,0.0,0.000
0,4294967295,47,188,MhcHeadCollapse,MhcHeadCollapse,dynamic,AI_VECTOR_CORE,1789389240922132.254	,8.960,0.030000,20,0,NO,"""1,32,1024;8,1024;8;8""",FLOAT16;FLOAT;FLOAT;FLOAT,ND;ND;ND;ND,"""1,32,128""",FLOAT16,ND,N/A,0.0,0,0.0,0.0,0.0,0.0,0.0,0.0,0.0,0.0,0.0,0.0,0.0,6.925,228531,1.768,0.255,4.6,0.664,0.919,0.133,0.216,0.031,0.0,0.000
0,4294967295,50,188,MhcHeadCollapse,MhcHeadCollapse,dynamic,AI_VECTOR_CORE,1789389240922195.275	,9.381,54.040000,20,0,NO,"""1,32,1024;8,1024;8;8""",FLOAT16;FLOAT;FLOAT;FLOAT,ND;ND;ND;ND,"""1,32,128""",FLOAT16,ND,N/A,0.0,0,0.0,0.0,0.0,0.0,0.0,0.0,0.0,0.0,0.0,0.0,0.0,7.033,232082,1.768,0.251,4.838,0.688,0.8,0.114,0.197,0.028,0.0,0.000
0,4294967295,51,188,MhcHeadCollapse,MhcHeadCollapse,dynamic,AI_VECTOR_CORE,1789389240922210.056	,9.440,5.369000,20,0,NO,"""1,32,1024;8,1024;8;8""",FLOAT16;FLOAT;FLOAT;FLOAT,ND;ND;ND;ND,"""1,32,128""",FLOAT16,ND,N/A,0.0,0,0.0,0.0,0.0,0.0,0.0,0.0,0.0,0.0,0.0,0.0,0.0,7.166,236481,1.768,0.247,4.653,0.649,1.114,0.155,0.214,0.03,0.0,0.000
0,4294967295,52,188,MhcHeadCollapse,MhcHeadCollapse,dynamic,AI_VECTOR_CORE,1789389240922219.536	,8.960,0.060000,20,0,NO,"""1,32,1024;8,1024;8;8""",FLOAT16;FLOAT;FLOAT;FLOAT,ND;ND;ND;ND,"""1,32,128""",FLOAT16,ND,N/A,0.0,0,0.0,0.0,0.0,0.0,0.0,0.0,0.0,0.0,0.0,0.0,0.0,7.274,240049,1.768,0.243,5.251,0.722,0.614,0.084,0.196,0.027,0.0,0.000
0,4294967295,53,188,MhcHeadCollapse,MhcHeadCollapse,dynamic,AI_VECTOR_CORE,1789389240922228.516	,9.820,0.040000,20,0,NO,"""1,32,1024;8,1024;8;8""",FLOAT16;FLOAT;FLOAT;FLOAT,ND;ND;ND;ND,"""1,32,128""",FLOAT16,ND,N/A,0.0,0,0.0,0.0,0.0,0.0,0.0,0.0,0.0,0.0,0.0,0.0,0.0,7.338,242167,1.768,0.241,4.763,0.649,1.15,0.157,0.214,0.029,0.0,0.000
0,4294967295,54,188,MhcHeadCollapse,MhcHeadCollapse,dynamic,AI_VECTOR_CORE,1789389240922238.376	,9.040,0.180000,20,0,NO,"""1,32,1024;8,1024;8;8""",FLOAT16;FLOAT;FLOAT;FLOAT,ND;ND;ND;ND,"""1,32,128""",FLOAT16,ND,N/A,0.0,0,0.0,0.0,0.0,0.0,0.0,0.0,0.0,0.0,0.0,0.0,0.0,6.885,227218,1.768,0.257,4.744,0.689,0.744,0.108,0.196,0.029,0.0,0.000
0,4294967295,55,188,MhcHeadCollapse,MhcHeadCollapse,dynamic,AI_VECTOR_CORE,1789389240922247.436	,9.301,0.000000,20,0,NO,"""1,32,1024;8,1024;8;8""",FLOAT16;FLOAT;FLOAT;FLOAT,ND;ND;ND;ND,"""1,32,128""",FLOAT16,ND,N/A,0.0,0,0.0,0.0,0.0,0.0,0.0,0.0,0.0,0.0,0.0,0.0,0.0,6.974,230156,1.768,0.253,4.584,0.657,0.992,0.142,0.214,0.031,0.0,0.000
0,4294967295,56,188,MhcHeadCollapse,MhcHeadCollapse,dynamic,AI_VECTOR_CORE,1789389240922256.757	,9.220,0.000000,20,0,NO,"""1,32,1024;8,1024;8;8""",FLOAT16;FLOAT;FLOAT;FLOAT,ND;ND;ND;ND,"""1,32,128""",FLOAT16,ND,N/A,0.0,0,0.0,0.0,0.0,0.0,0.0,0.0,0.0,0.0,0.0,0.0,0.0,7.001,231023,1.768,0.253,4.834,0.691,0.757,0.108,0.197,0.028,0.0,0.000
0,4294967295,57,188,MhcHeadCollapse,MhcHeadCollapse,dynamic,AI_VECTOR_CORE,1789389240922265.997	,9.500,0.030000,20,0,NO,"""1,32,1024;8,1024;8;8""",FLOAT16;FLOAT;FLOAT;FLOAT,ND;ND;ND;ND,"""1,32,128""",FLOAT16,ND,N/A,0.0,0,0.0,0.0,0.0,0.0,0.0,0.0,0.0,0.0,0.0,0.0,0.0,7.185,237117,1.768,0.246,4.638,0.646,1.118,0.156,0.218,0.03,0.0,0.000
0,4294967295,58,188,MhcHeadCollapse,MhcHeadCollapse,dynamic,AI_VECTOR_CORE,1789389240922275.517	,9.220,0.000000,20,0,NO,"""1,32,1024;8,1024;8;8""",FLOAT16;FLOAT;FLOAT;FLOAT,ND;ND;ND;ND,"""1,32,128""",FLOAT16,ND,N/A,0.0,0,0.0,0.0,0.0,0.0,0.0,0.0,0.0,0.0,0.0,0.0,0.0,6.921,228380,1.768,0.255,4.704,0.68,0.818,0.118,0.196,0.028,0.0,0.000
0,4294967295,59,188,MhcHeadCollapse,MhcHeadCollapse,dynamic,AI_VECTOR_CORE,1789389240922284.757	,9.000,0.030000,20,0,NO,"""1,32,1024;8,1024;8;8""",FLOAT16;FLOAT;FLOAT;FLOAT,ND;ND;ND;ND,"""1,32,128""",FLOAT16,ND,N/A,0.0,0,0.0,0.0,0.0,0.0,0.0,0.0,0.0,0.0,0.0,0.0,0.0,6.898,227646,1.768,0.256,4.579,0.664,0.922,0.134,0.216,0.031,0.0,0.000
0,4294967295,62,188,MhcHeadCollapse,MhcHeadCollapse,dynamic,AI_VECTOR_CORE,1789389240922354.979	,9.320,61.250000,20,0,NO,"""1,32,1024;8,1024;8;8""",FLOAT16;FLOAT;FLOAT;FLOAT,ND;ND;ND;ND,"""1,32,128""",FLOAT16,ND,N/A,0.0,0,0.0,0.0,0.0,0.0,0.0,0.0,0.0,0.0,0.0,0.0,0.0,7.055,232805,1.768,0.251,4.893,0.694,0.763,0.108,0.197,0.028,0.0,0.000
0,4294967295,63,188,MhcHeadCollapse,MhcHeadCollapse,dynamic,AI_VECTOR_CORE,1789389240922364.319	,9.620,0.000000,20,0,NO,"""1,32,1024;8,1024;8;8""",FLOAT16;FLOAT;FLOAT;FLOAT,ND;ND;ND;ND,"""1,32,128""",FLOAT16,ND,N/A,0.0,0,0.0,0.0,0.0,0.0,0.0,0.0,0.0,0.0,0.0,0.0,0.0,7.148,235899,1.768,0.247,4.704,0.658,1.045,0.146,0.214,0.03,0.0,0.000
0,4294967295,64,188,MhcHeadCollapse,MhcHeadCollapse,dynamic,AI_VECTOR_CORE,1789389240922377.259	,9.640,3.380000,20,0,NO,"""1,32,1024;8,1024;8;8""",FLOAT16;FLOAT;FLOAT;FLOAT,ND;ND;ND;ND,"""1,32,128""",FLOAT16,ND,N/A,0.0,0,0.0,0.0,0.0,0.0,0.0,0.0,0.0,0.0,0.0,0.0,0.0,7.192,237325,1.768,0.246,4.884,0.679,0.898,0.125,0.198,0.027,0.0,0.000
0,4294967295,65,188,MhcHeadCollapse,MhcHeadCollapse,dynamic,AI_VECTOR_CORE,1789389240922386.919	,9.560,0.110000,20,0,NO,"""1,32,1024;8,1024;8;8""",FLOAT16;FLOAT;FLOAT;FLOAT,ND;ND;ND;ND,"""1,32,128""",FLOAT16,ND,N/A,0.0,0,0.0,0.0,0.0,0.0,0.0,0.0,0.0,0.0,0.0,0.0,0.0,7.23,238577,1.768,0.245,5.074,0.702,0.73,0.101,0.215,0.03,0.0,0.000
0,4294967295,66,188,MhcHeadCollapse,MhcHeadCollapse,dynamic,AI_VECTOR_CORE,1789389240922396.499	,9.101,0.000000,20,0,NO,"""1,32,1024;8,1024;8;8""",FLOAT16;FLOAT;FLOAT;FLOAT,ND;ND;ND;ND,"""1,32,128""",FLOAT16,ND,N/A,0.0,0,0.0,0.0,0.0,0.0,0.0,0.0,0.0,0.0,0.0,0.0,0.0,6.876,226914,1.768,0.257,4.733,0.688,0.745,0.108,0.197,0.029,0.0,0.000
0,4294967295,67,188,MhcHeadCollapse,MhcHeadCollapse,dynamic,AI_VECTOR_CORE,1789389240922405.640	,9.560,0.149000,20,0,NO,"""1,32,1024;8,1024;8;8""",FLOAT16;FLOAT;FLOAT;FLOAT,ND;ND;ND;ND,"""1,32,128""",FLOAT16,ND,N/A,0.0,0,0.0,0.0,0.0,0.0,0.0,0.0,0.0,0.0,0.0,0.0,0.0,7.132,235369,1.768,0.248,4.636,0.65,1.087,0.152,0.214,0.03,0.0,0.000
0,4294967295,68,188,MhcHeadCollapse,MhcHeadCollapse,dynamic,AI_VECTOR_CORE,1789389240922415.220	,9.460,0.000000,20,0,NO,"""1,32,1024;8,1024;8;8""",FLOAT16;FLOAT;FLOAT;FLOAT,ND;ND;ND;ND,"""1,32,128""",FLOAT16,ND,N/A,0.0,0,0.0,0.0,0.0,0.0,0.0,0.0,0.0,0.0,0.0,0.0,0.0,7.122,235040,1.768,0.248,4.877,0.685,0.836,0.117,0.196,0.028,0.0,0.000
0,4294967295,69,188,MhcHeadCollapse,MhcHeadCollapse,dynamic,AI_VECTOR_CORE,1789389240922424.700	,9.300,0.040000,20,0,NO,"""1,32,1024;8,1024;8;8""",FLOAT16;FLOAT;FLOAT;FLOAT,ND;ND;ND;ND,"""1,32,128""",FLOAT16,ND,N/A,0.0,0,0.0,0.0,0.0,0.0,0.0,0.0,0.0,0.0,0.0,0.0,0.0,6.994,230789,1.768,0.253,4.609,0.659,0.987,0.141,0.216,0.031,0.0,0.000
0,4294967295,70,188,MhcHeadCollapse,MhcHeadCollapse,dynamic,AI_VECTOR_CORE,1789389240922434.020	,8.760,0.000000,20,0,NO,"""1,32,1024;8,1024;8;8""",FLOAT16;FLOAT;FLOAT;FLOAT,ND;ND;ND;ND,"""1,32,128""",FLOAT16,ND,N/A,0.0,0,0.0,0.0,0.0,0.0,0.0,0.0,0.0,0.0,0.0,0.0,0.0,7.009,231303,1.768,0.252,5.008,0.715,0.592,0.084,0.197,0.028,0.0,0.000
0,4294967295,71,188,MhcHeadCollapse,MhcHeadCollapse,dynamic,AI_VECTOR_CORE,1789389240922442.800	,9.541,0.000000,20,0,NO,"""1,32,1024;8,1024;8;8""",FLOAT16;FLOAT;FLOAT;FLOAT,ND;ND;ND;ND,"""1,32,128""",FLOAT16,ND,N/A,0.0,0,0.0,0.0,0.0,0.0,0.0,0.0,0.0,0.0,0.0,0.0,0.0,7.179,236920,1.768,0.246,4.646,0.647,1.107,0.154,0.216,0.03,0.0,0.000
0,4294967295,74,188,MhcHeadCollapse,MhcHeadCollapse,dynamic,AI_VECTOR_CORE,1789389240922508.022	,9.400,55.709000,20,0,NO,"""1,32,1024;8,1024;8;8""",FLOAT16;FLOAT;FLOAT;FLOAT,ND;ND;ND;ND,"""1,32,128""",FLOAT16,ND,N/A,0.0,0,0.0,0.0,0.0,0.0,0.0,0.0,0.0,0.0,0.0,0.0,0.0,7.045,232474,1.768,0.251,4.854,0.689,0.795,0.113,0.197,0.028,0.0,0.000
0,4294967295,75,188,MhcHeadCollapse,MhcHeadCollapse,dynamic,AI_VECTOR_CORE,1789389240922517.442	,9.640,0.100000,20,0,NO,"""1,32,1024;8,1024;8;8""",FLOAT16;FLOAT;FLOAT;FLOAT,ND;ND;ND;ND,"""1,32,128""",FLOAT16,ND,N/A,0.0,0,0.0,0.0,0.0,0.0,0.0,0.0,0.0,0.0,0.0,0.0,0.0,7.192,237321,1.768,0.246,4.716,0.656,1.081,0.15,0.214,0.03,0.0,0.000
0,4294967295,76,188,MhcHeadCollapse,MhcHeadCollapse,dynamic,AI_VECTOR_CORE,1789389240922527.102	,9.500,0.000000,20,0,NO,"""1,32,1024;8,1024;8;8""",FLOAT16;FLOAT;FLOAT;FLOAT,ND;ND;ND;ND,"""1,32,128""",FLOAT16,ND,N/A,0.0,0,0.0,0.0,0.0,0.0,0.0,0.0,0.0,0.0,0.0,0.0,0.0,7.206,237794,1.768,0.245,5.002,0.694,0.795,0.11,0.196,0.027,0.0,0.000
0,4294967295,77,188,MhcHeadCollapse,MhcHeadCollapse,dynamic,AI_VECTOR_CORE,1789389240922536.622	,9.840,0.000000,20,0,NO,"""1,32,1024;8,1024;8;8""",FLOAT16;FLOAT;FLOAT;FLOAT,ND;ND;ND;ND,"""1,32,128""",FLOAT16,ND,N/A,0.0,0,0.0,0.0,0.0,0.0,0.0,0.0,0.0,0.0,0.0,0.0,0.0,7.391,243919,1.768,0.239,4.794,0.649,1.171,0.158,0.215,0.029,0.0,0.000
0,4294967295,78,188,MhcHeadCollapse,MhcHeadCollapse,dynamic,AI_VECTOR_CORE,1789389240922546.482	,9.161,0.160000,20,0,NO,"""1,32,1024;8,1024;8;8""",FLOAT16;FLOAT;FLOAT;FLOAT,ND;ND;ND;ND,"""1,32,128""",FLOAT16,ND,N/A,0.0,0,0.0,0.0,0.0,0.0,0.0,0.0,0.0,0.0,0.0,0.0,0.0,6.903,227800,1.768,0.256,4.756,0.689,0.751,0.109,0.197,0.028,0.0,0.000
0,4294967295,79,188,MhcHeadCollapse,MhcHeadCollapse,dynamic,AI_VECTOR_CORE,1789389240922555.663	,9.280,0.089000,20,0,NO,"""1,32,1024;8,1024;8;8""",FLOAT16;FLOAT;FLOAT;FLOAT,ND;ND;ND;ND,"""1,32,128""",FLOAT16,ND,N/A,0.0,0,0.0,0.0,0.0,0.0,0.0,0.0,0.0,0.0,0.0,0.0,0.0,6.957,229597,1.768,0.254,4.6,0.661,0.955,0.137,0.214,0.031,0.0,0.000
0,4294967295,80,188,MhcHeadCollapse,MhcHeadCollapse,dynamic,AI_VECTOR_CORE,1789389240922564.963	,9.400,0.000000,20,0,NO,"""1,32,1024;8,1024;8;8""",FLOAT16;FLOAT;FLOAT;FLOAT,ND;ND;ND;ND,"""1,32,128""",FLOAT16,ND,N/A,0.0,0,0.0,0.0,0.0,0.0,0.0,0.0,0.0,0.0,0.0,0.0,0.0,6.993,230784,1.768,0.253,4.815,0.688,0.77,0.11,0.196,0.028,0.0,0.000
0,4294967295,81,188,MhcHeadCollapse,MhcHeadCollapse,dynamic,AI_VECTOR_CORE,1789389240922574.383	,9.420,0.100000,20,0,NO,"""1,32,1024;8,1024;8;8""",FLOAT16;FLOAT;FLOAT;FLOAT,ND;ND;ND;ND,"""1,32,128""",FLOAT16,ND,N/A,0.0,0,0.0,0.0,0.0,0.0,0.0,0.0,0.0,0.0,0.0,0.0,0.0,7.154,236072,1.768,0.247,4.687,0.655,1.039,0.145,0.217,0.03,0.0,0.000
0,4294967295,82,188,MhcHeadCollapse,MhcHeadCollapse,dynamic,AI_VECTOR_CORE,1789389240922583.823	,9.200,0.000000,20,0,NO,"""1,32,1024;8,1024;8;8""",FLOAT16;FLOAT;FLOAT;FLOAT,ND;ND;ND;ND,"""1,32,128""",FLOAT16,ND,N/A,0.0,0,0.0,0.0,0.0,0.0,0.0,0.0,0.0,0.0,0.0,0.0,0.0,6.915,228182,1.768,0.256,4.713,0.682,0.799,0.116,0.196,0.028,0.0,0.000
0,4294967295,83,188,MhcHeadCollapse,MhcHeadCollapse,dynamic,AI_VECTOR_CORE,1789389240922593.043	,8.961,0.050000,20,0,NO,"""1,32,1024;8,1024;8;8""",FLOAT16;FLOAT;FLOAT;FLOAT,ND;ND;ND;ND,"""1,32,128""",FLOAT16,ND,N/A,0.0,0,0.0,0.0,0.0,0.0,0.0,0.0,0.0,0.0,0.0,0.0,0.0,6.942,229089,1.768,0.255,4.584,0.66,0.957,0.138,0.218,0.031,0.0,0.000
0,4294967295,86,188,MhcHeadCollapse,MhcHeadCollapse,dynamic,AI_VECTOR_CORE,1789389240922657.765	,9.420,55.789000,20,0,NO,"""1,32,1024;8,1024;8;8""",FLOAT16;FLOAT;FLOAT;FLOAT,ND;ND;ND;ND,"""1,32,128""",FLOAT16,ND,N/A,0.0,0,0.0,0.0,0.0,0.0,0.0,0.0,0.0,0.0,0.0,0.0,0.0,7.03,231976,1.768,0.251,4.841,0.689,0.792,0.113,0.197,0.028,0.0,0.000
0,4294967295,87,188,MhcHeadCollapse,MhcHeadCollapse,dynamic,AI_VECTOR_CORE,1789389240922667.205	,8.820,0.080000,20,0,NO,"""1,32,1024;8,1024;8;8""",FLOAT16;FLOAT;FLOAT;FLOAT,ND;ND;ND;ND,"""1,32,128""",FLOAT16,ND,N/A,0.0,0,0.0,0.0,0.0,0.0,0.0,0.0,0.0,0.0,0.0,0.0,0.0,7.171,236650,1.768,0.247,5.149,0.718,0.597,0.083,0.214,0.03,0.0,0.000
0,4294967295,88,188,MhcHeadCollapse,MhcHeadCollapse,dynamic,AI_VECTOR_CORE,1789389240922676.045	,9.560,0.000000,20,0,NO,"""1,32,1024;8,1024;8;8""",FLOAT16;FLOAT;FLOAT;FLOAT,ND;ND;ND;ND,"""1,32,128""",FLOAT16,ND,N/A,0.0,0,0.0,0.0,0.0,0.0,0.0,0.0,0.0,0.0,0.0,0.0,0.0,7.169,236561,1.768,0.247,4.963,0.692,0.796,0.111,0.196,0.027,0.0,0.000
0,4294967295,89,188,MhcHeadCollapse,MhcHeadCollapse,dynamic,AI_VECTOR_CORE,1789389240922685.625	,9.800,0.000000,20,0,NO,"""1,32,1024;8,1024;8;8""",FLOAT16;FLOAT;FLOAT;FLOAT,ND;ND;ND;ND,"""1,32,128""",FLOAT16,ND,N/A,0.0,0,0.0,0.0,0.0,0.0,0.0,0.0,0.0,0.0,0.0,0.0,0.0,7.374,243347,1.768,0.24,4.738,0.642,1.211,0.164,0.215,0.029,0.0,0.000
0,4294967295,90,188,MhcHeadCollapse,MhcHeadCollapse,dynamic,AI_VECTOR_CORE,1789389240922695.445	,9.081,0.200000,20,0,NO,"""1,32,1024;8,1024;8;8""",FLOAT16;FLOAT;FLOAT;FLOAT,ND;ND;ND;ND,"""1,32,128""",FLOAT16,ND,N/A,0.0,0,0.0,0.0,0.0,0.0,0.0,0.0,0.0,0.0,0.0,0.0,0.0,6.885,227191,1.768,0.257,4.738,0.688,0.749,0.109,0.198,0.029,0.0,0.000
0,4294967295,91,188,MhcHeadCollapse,MhcHeadCollapse,dynamic,AI_VECTOR_CORE,1789389240922704.566	,9.300,0.000000,20,0,NO,"""1,32,1024;8,1024;8;8""",FLOAT16;FLOAT;FLOAT;FLOAT,ND;ND;ND;ND,"""1,32,128""",FLOAT16,ND,N/A,0.0,0,0.0,0.0,0.0,0.0,0.0,0.0,0.0,0.0,0.0,0.0,0.0,6.984,230482,1.768,0.253,4.623,0.662,0.965,0.138,0.215,0.031,0.0,0.000
0,4294967295,92,188,MhcHeadCollapse,MhcHeadCollapse,dynamic,AI_VECTOR_CORE,1789389240922713.906	,9.320,0.200000,20,0,NO,"""1,32,1024;8,1024;8;8""",FLOAT16;FLOAT;FLOAT;FLOAT,ND;ND;ND;ND,"""1,32,128""",FLOAT16,ND,N/A,0.0,0,0.0,0.0,0.0,0.0,0.0,0.0,0.0,0.0,0.0,0.0,0.0,7.006,231193,1.768,0.252,4.772,0.681,0.824,0.118,0.197,0.028,0.0,0.000
0,4294967295,93,188,MhcHeadCollapse,MhcHeadCollapse,dynamic,AI_VECTOR_CORE,1789389240922723.246	,9.400,0.000000,20,0,NO,"""1,32,1024;8,1024;8;8""",FLOAT16;FLOAT;FLOAT;FLOAT,ND;ND;ND;ND,"""1,32,128""",FLOAT16,ND,N/A,0.0,0,0.0,0.0,0.0,0.0,0.0,0.0,0.0,0.0,0.0,0.0,0.0,7.211,237950,1.768,0.245,4.702,0.652,1.081,0.15,0.216,0.03,0.0,0.000
0,4294967295,94,188,MhcHeadCollapse,MhcHeadCollapse,dynamic,AI_VECTOR_CORE,1789389240922732.666	,9.240,0.100000,20,0,NO,"""1,32,1024;8,1024;8;8""",FLOAT16;FLOAT;FLOAT;FLOAT,ND;ND;ND;ND,"""1,32,128""",FLOAT16,ND,N/A,0.0,0,0.0,0.0,0.0,0.0,0.0,0.0,0.0,0.0,0.0,0.0,0.0,6.923,228459,1.768,0.255,4.729,0.683,0.798,0.115,0.198,0.029,0.0,0.000
0,4294967295,95,188,MhcHeadCollapse,MhcHeadCollapse,dynamic,AI_VECTOR_CORE,1789389240922741.926	,9.000,0.010000,20,0,NO,"""1,32,1024;8,1024;8;8""",FLOAT16;FLOAT;FLOAT;FLOAT,ND;ND;ND;ND,"""1,32,128""",FLOAT16,ND,N/A,0.0,0,0.0,0.0,0.0,0.0,0.0,0.0,0.0,0.0,0.0,0.0,0.0,6.939,229000,1.768,0.255,4.592,0.662,0.95,0.137,0.217,0.031,0.0,0.000
0,4294967295,98,188,MhcHeadCollapse,MhcHeadCollapse,dynamic,AI_VECTOR_CORE,1789389240922807.828	,9.360,56.750000,20,0,NO,"""1,32,1024;8,1024;8;8""",FLOAT16;FLOAT;FLOAT;FLOAT,ND;ND;ND;ND,"""1,32,128""",FLOAT16,ND,N/A,0.0,0,0.0,0.0,0.0,0.0,0.0,0.0,0.0,0.0,0.0,0.0,0.0,7.036,232198,1.768,0.251,4.829,0.686,0.814,0.116,0.196,0.028,0.0,0.000
0,4294967295,99,188,MhcHeadCollapse,MhcHeadCollapse,dynamic,AI_VECTOR_CORE,1789389240922819.008	,9.600,1.890000,20,0,NO,"""1,32,1024;8,1024;8;8""",FLOAT16;FLOAT;FLOAT;FLOAT,ND;ND;ND;ND,"""1,32,128""",FLOAT16,ND,N/A,0.0,0,0.0,0.0,0.0,0.0,0.0,0.0,0.0,0.0,0.0,0.0,0.0,7.16,236294,1.768,0.247,4.669,0.652,1.087,0.152,0.214,0.03,0.0,0.000
0,4294967295,100,188,MhcHeadCollapse,MhcHeadCollapse,dynamic,AI_VECTOR_CORE,1789389240922828.648	,9.480,0.150000,20,0,NO,"""1,32,1024;8,1024;8;8""",FLOAT16;FLOAT;FLOAT;FLOAT,ND;ND;ND;ND,"""1,32,128""",FLOAT16,ND,N/A,0.0,0,0.0,0.0,0.0,0.0,0.0,0.0,0.0,0.0,0.0,0.0,0.0,7.149,235904,1.768,0.247,4.975,0.696,0.765,0.107,0.197,0.028,0.0,0.000
0,4294967295,101,188,MhcHeadCollapse,MhcHeadCollapse,dynamic,AI_VECTOR_CORE,1789389240922838.148	,9.820,0.020000,20,0,NO,"""1,32,1024;8,1024;8;8""",FLOAT16;FLOAT;FLOAT;FLOAT,ND;ND;ND;ND,"""1,32,128""",FLOAT16,ND,N/A,0.0,0,0.0,0.0,0.0,0.0,0.0,0.0,0.0,0.0,0.0,0.0,0.0,7.38,243534,1.768,0.24,4.752,0.644,1.202,0.163,0.214,0.029,0.0,0.000
0,4294967295,102,188,MhcHeadCollapse,MhcHeadCollapse,dynamic,AI_VECTOR_CORE,1789389240922847.988	,9.101,0.000000,20,0,NO,"""1,32,1024;8,1024;8;8""",FLOAT16;FLOAT;FLOAT;FLOAT,ND;ND;ND;ND,"""1,32,128""",FLOAT16,ND,N/A,0.0,0,0.0,0.0,0.0,0.0,0.0,0.0,0.0,0.0,0.0,0.0,0.0,6.873,226820,1.768,0.257,4.738,0.689,0.739,0.107,0.197,0.029,0.0,0.000
0,4294967295,103,188,MhcHeadCollapse,MhcHeadCollapse,dynamic,AI_VECTOR_CORE,1789389240922861.909	,9.300,4.899000,20,0,NO,"""1,32,1024;8,1024;8;8""",FLOAT16;FLOAT;FLOAT;FLOAT,ND;ND;ND;ND,"""1,32,128""",FLOAT16,ND,N/A,0.0,0,0.0,0.0,0.0,0.0,0.0,0.0,0.0,0.0,0.0,0.0,0.0,6.983,230431,1.768,0.253,4.601,0.659,0.979,0.14,0.216,0.031,0.0,0.000
0,4294967295,104,188,MhcHeadCollapse,MhcHeadCollapse,dynamic,AI_VECTOR_CORE,1789389240922872.309	,9.340,0.950000,20,0,NO,"""1,32,1024;8,1024;8;8""",FLOAT16;FLOAT;FLOAT;FLOAT,ND;ND;ND;ND,"""1,32,128""",FLOAT16,ND,N/A,0.0,0,0.0,0.0,0.0,0.0,0.0,0.0,0.0,0.0,0.0,0.0,0.0,7.034,232134,1.768,0.251,4.848,0.689,0.776,0.11,0.197,0.028,0.0,0.000
0,4294967295,105,188,MhcHeadCollapse,MhcHeadCollapse,dynamic,AI_VECTOR_CORE,1789389240922881.689	,9.500,0.160000,20,0,NO,"""1,32,1024;8,1024;8;8""",FLOAT16;FLOAT;FLOAT;FLOAT,ND;ND;ND;ND,"""1,32,128""",FLOAT16,ND,N/A,0.0,0,0.0,0.0,0.0,0.0,0.0,0.0,0.0,0.0,0.0,0.0,0.0,7.199,237573,1.768,0.246,4.708,0.654,1.065,0.148,0.215,0.03,0.0,0.000
0,4294967295,106,188,MhcHeadCollapse,MhcHeadCollapse,dynamic,AI_VECTOR_CORE,1789389240922891.209	,9.161,0.000000,20,0,NO,"""1,32,1024;8,1024;8;8""",FLOAT16;FLOAT;FLOAT;FLOAT,ND;ND;ND;ND,"""1,32,128""",FLOAT16,ND,N/A,0.0,0,0.0,0.0,0.0,0.0,0.0,0.0,0.0,0.0,0.0,0.0,0.0,6.906,227900,1.768,0.256,4.731,0.685,0.769,0.111,0.197,0.029,0.0,0.000
0,4294967295,107,188,MhcHeadCollapse,MhcHeadCollapse,dynamic,AI_VECTOR_CORE,1789389240922900.390	,9.020,0.089000,20,0,NO,"""1,32,1024;8,1024;8;8""",FLOAT16;FLOAT;FLOAT;FLOAT,ND;ND;ND;ND,"""1,32,128""",FLOAT16,ND,N/A,0.0,0,0.0,0.0,0.0,0.0,0.0,0.0,0.0,0.0,0.0,0.0,0.0,6.909,228000,1.768,0.256,4.614,0.668,0.899,0.13,0.215,0.031,0.0,0.000
0,4294967295,110,188,MhcHeadCollapse,MhcHeadCollapse,dynamic,AI_VECTOR_CORE,1789389240922965.031	,9.400,55.480000,20,0,NO,"""1,32,1024;8,1024;8;8""",FLOAT16;FLOAT;FLOAT;FLOAT,ND;ND;ND;ND,"""1,32,128""",FLOAT16,ND,N/A,0.0,0,0.0,0.0,0.0,0.0,0.0,0.0,0.0,0.0,0.0,0.0,0.0,7.045,232498,1.768,0.251,4.84,0.687,0.812,0.115,0.196,0.028,0.0,0.000
0,4294967295,111,188,MhcHeadCollapse,MhcHeadCollapse,dynamic,AI_VECTOR_CORE,1789389240922981.631	,9.640,7.350000,20,0,NO,"""1,32,1024;8,1024;8;8""",FLOAT16;FLOAT;FLOAT;FLOAT,ND;ND;ND;ND,"""1,32,128""",FLOAT16,ND,N/A,0.0,0,0.0,0.0,0.0,0.0,0.0,0.0,0.0,0.0,0.0,0.0,0.0,7.192,237322,1.768,0.246,4.671,0.649,1.12,0.156,0.214,0.03,0.0,0.000
0,4294967295,112,188,MhcHeadCollapse,MhcHeadCollapse,dynamic,AI_VECTOR_CORE,1789389240922991.291	,9.601,0.000000,20,0,NO,"""1,32,1024;8,1024;8;8""",FLOAT16;FLOAT;FLOAT;FLOAT,ND;ND;ND;ND,"""1,32,128""",FLOAT16,ND,N/A,0.0,0,0.0,0.0,0.0,0.0,0.0,0.0,0.0,0.0,0.0,0.0,0.0,7.186,237145,1.768,0.246,4.901,0.682,0.876,0.122,0.196,0.027,0.0,0.000
0,4294967295,113,188,MhcHeadCollapse,MhcHeadCollapse,dynamic,AI_VECTOR_CORE,1789389240923000.912	,9.840,0.149000,20,0,NO,"""1,32,1024;8,1024;8;8""",FLOAT16;FLOAT;FLOAT;FLOAT,ND;ND;ND;ND,"""1,32,128""",FLOAT16,ND,N/A,0.0,0,0.0,0.0,0.0,0.0,0.0,0.0,0.0,0.0,0.0,0.0,0.0,7.386,243733,1.768,0.239,4.752,0.643,1.21,0.164,0.214,0.029,0.0,0.000
0,4294967295,114,188,MhcHeadCollapse,MhcHeadCollapse,dynamic,AI_VECTOR_CORE,1789389240923010.772	,9.060,0.000000,20,0,NO,"""1,32,1024;8,1024;8;8""",FLOAT16;FLOAT;FLOAT;FLOAT,ND;ND;ND;ND,"""1,32,128""",FLOAT16,ND,N/A,0.0,0,0.0,0.0,0.0,0.0,0.0,0.0,0.0,0.0,0.0,0.0,0.0,6.874,226834,1.768,0.257,4.705,0.685,0.772,0.112,0.197,0.029,0.0,0.000
0,4294967295,115,188,MhcHeadCollapse,MhcHeadCollapse,dynamic,AI_VECTOR_CORE,1789389240923019.852	,9.460,0.000000,20,0,NO,"""1,32,1024;8,1024;8;8""",FLOAT16;FLOAT;FLOAT;FLOAT,ND;ND;ND;ND,"""1,32,128""",FLOAT16,ND,N/A,0.0,0,0.0,0.0,0.0,0.0,0.0,0.0,0.0,0.0,0.0,0.0,0.0,7.023,231775,1.768,0.252,4.568,0.65,1.048,0.149,0.216,0.031,0.0,0.000
0,4294967295,116,188,MhcHeadCollapse,MhcHeadCollapse,dynamic,AI_VECTOR_CORE,1789389240923029.332	,9.200,0.040000,20,0,NO,"""1,32,1024;8,1024;8;8""",FLOAT16;FLOAT;FLOAT;FLOAT,ND;ND;ND;ND,"""1,32,128""",FLOAT16,ND,N/A,0.0,0,0.0,0.0,0.0,0.0,0.0,0.0,0.0,0.0,0.0,0.0,0.0,7.006,231191,1.768,0.252,4.853,0.693,0.743,0.106,0.197,0.028,0.0,0.000
0,4294967295,117,188,MhcHeadCollapse,MhcHeadCollapse,dynamic,AI_VECTOR_CORE,1789389240923038.552	,9.520,0.050000,20,0,NO,"""1,32,1024;8,1024;8;8""",FLOAT16;FLOAT;FLOAT;FLOAT,ND;ND;ND;ND,"""1,32,128""",FLOAT16,ND,N/A,0.0,0,0.0,0.0,0.0,0.0,0.0,0.0,0.0,0.0,0.0,0.0,0.0,7.204,237745,1.768,0.245,4.66,0.647,1.118,0.155,0.215,0.03,0.0,0.000
0,4294967295,118,188,MhcHeadCollapse,MhcHeadCollapse,dynamic,AI_VECTOR_CORE,1789389240923048.092	,9.141,0.000000,20,0,NO,"""1,32,1024;8,1024;8;8""",FLOAT16;FLOAT;FLOAT;FLOAT,ND;ND;ND;ND,"""1,32,128""",FLOAT16,ND,N/A,0.0,0,0.0,0.0,0.0,0.0,0.0,0.0,0.0,0.0,0.0,0.0,0.0,6.922,228420,1.768,0.255,4.702,0.679,0.814,0.118,0.197,0.028,0.0,0.000
0,4294967295,119,188,MhcHeadCollapse,MhcHeadCollapse,dynamic,AI_VECTOR_CORE,1789389240923057.253	,9.000,0.109000,20,0,NO,"""1,32,1024;8,1024;8;8""",FLOAT16;FLOAT;FLOAT;FLOAT,ND;ND;ND;ND,"""1,32,128""",FLOAT16,ND,N/A,0.0,0,0.0,0.0,0.0,0.0,0.0,0.0,0.0,0.0,0.0,0.0,0.0,6.949,229331,1.768,0.254,4.58,0.659,0.968,0.139,0.218,0.031,0.0,0.000
0,4294967295,122,188,MhcHeadCollapse,MhcHeadCollapse,dynamic,AI_VECTOR_CORE,1789389240923117.194	,9.400,51.000000,20,0,NO,"""1,32,1024;8,1024;8;8""",FLOAT16;FLOAT;FLOAT;FLOAT,ND;ND;ND;ND,"""1,32,128""",FLOAT16,ND,N/A,0.0,0,0.0,0.0,0.0,0.0,0.0,0.0,0.0,0.0,0.0,0.0,0.0,7.05,232649,1.768,0.251,4.848,0.688,0.808,0.115,0.196,0.028,0.0,0.000
0,4294967295,123,188,MhcHeadCollapse,MhcHeadCollapse,dynamic,AI_VECTOR_CORE,1789389240923133.674	,9.640,7.100000,20,0,NO,"""1,32,1024;8,1024;8;8""",FLOAT16;FLOAT;FLOAT;FLOAT,ND;ND;ND;ND,"""1,32,128""",FLOAT16,ND,N/A,0.0,0,0.0,0.0,0.0,0.0,0.0,0.0,0.0,0.0,0.0,0.0,0.0,7.219,238222,1.768,0.245,4.711,0.653,1.117,0.155,0.216,0.03,0.0,0.000
0,4294967295,124,188,MhcHeadCollapse,MhcHeadCollapse,dynamic,AI_VECTOR_CORE,1789389240923143.334	,9.601,0.000000,20,0,NO,"""1,32,1024;8,1024;8;8""",FLOAT16;FLOAT;FLOAT;FLOAT,ND;ND;ND;ND,"""1,32,128""",FLOAT16,ND,N/A,0.0,0,0.0,0.0,0.0,0.0,0.0,0.0,0.0,0.0,0.0,0.0,0.0,7.166,236487,1.768,0.247,4.933,0.688,0.824,0.115,0.196,0.027,0.0,0.000
0,4294967295,125,188,MhcHeadCollapse,MhcHeadCollapse,dynamic,AI_VECTOR_CORE,1789389240923152.955	,9.800,0.149000,20,0,NO,"""1,32,1024;8,1024;8;8""",FLOAT16;FLOAT;FLOAT;FLOAT,ND;ND;ND;ND,"""1,32,128""",FLOAT16,ND,N/A,0.0,0,0.0,0.0,0.0,0.0,0.0,0.0,0.0,0.0,0.0,0.0,0.0,7.393,243966,1.768,0.239,4.78,0.647,1.186,0.16,0.215,0.029,0.0,0.000
0,4294967295,126,188,MhcHeadCollapse,MhcHeadCollapse,dynamic,AI_VECTOR_CORE,1789389240923162.795	,9.040,0.000000,20,0,NO,"""1,32,1024;8,1024;8;8""",FLOAT16;FLOAT;FLOAT;FLOAT,ND;ND;ND;ND,"""1,32,128""",FLOAT16,ND,N/A,0.0,0,0.0,0.0,0.0,0.0,0.0,0.0,0.0,0.0,0.0,0.0,0.0,6.849,226003,1.768,0.258,4.737,0.692,0.711,0.104,0.197,0.029,0.0,0.000
0,4294967295,127,188,MhcHeadCollapse,MhcHeadCollapse,dynamic,AI_VECTOR_CORE,1789389240923171.855	,9.260,0.000000,20,0,NO,"""1,32,1024;8,1024;8;8""",FLOAT16;FLOAT;FLOAT;FLOAT,ND;ND;ND;ND,"""1,32,128""",FLOAT16,ND,N/A,0.0,0,0.0,0.0,0.0,0.0,0.0,0.0,0.0,0.0,0.0,0.0,0.0,6.993,230755,1.768,0.253,4.598,0.658,0.977,0.14,0.217,0.031,0.0,0.000
0,4294967295,128,188,MhcHeadCollapse,MhcHeadCollapse,dynamic,AI_VECTOR_CORE,1789389240923182.635	,9.200,1.740000,20,0,NO,"""1,32,1024;8,1024;8;8""",FLOAT16;FLOAT;FLOAT;FLOAT,ND;ND;ND;ND,"""1,32,128""",FLOAT16,ND,N/A,0.0,0,0.0,0.0,0.0,0.0,0.0,0.0,0.0,0.0,0.0,0.0,0.0,7.007,231228,1.768,0.252,4.85,0.692,0.745,0.106,0.199,0.028,0.0,0.000
0,4294967295,129,188,MhcHeadCollapse,MhcHeadCollapse,dynamic,AI_VECTOR_CORE,1789389240923191.875	,9.501,0.050000,20,0,NO,"""1,32,1024;8,1024;8;8""",FLOAT16;FLOAT;FLOAT;FLOAT,ND;ND;ND;ND,"""1,32,128""",FLOAT16,ND,N/A,0.0,0,0.0,0.0,0.0,0.0,0.0,0.0,0.0,0.0,0.0,0.0,0.0,7.209,237894,1.768,0.245,4.697,0.651,1.086,0.151,0.215,0.03,0.0,0.000
0,4294967295,130,188,MhcHeadCollapse,MhcHeadCollapse,dynamic,AI_VECTOR_CORE,1789389240923201.396	,9.180,0.000000,20,0,NO,"""1,32,1024;8,1024;8;8""",FLOAT16;FLOAT;FLOAT;FLOAT,ND;ND;ND;ND,"""1,32,128""",FLOAT16,ND,N/A,0.0,0,0.0,0.0,0.0,0.0,0.0,0.0,0.0,0.0,0.0,0.0,0.0,6.947,229249,1.768,0.254,4.742,0.683,0.805,0.116,0.198,0.028,0.0,0.000
0,4294967295,131,188,MhcHeadCollapse,MhcHeadCollapse,dynamic,AI_VECTOR_CORE,1789389240923210.596	,9.580,0.000000,20,0,NO,"""1,32,1024;8,1024;8;8""",FLOAT16;FLOAT;FLOAT;FLOAT,ND;ND;ND;ND,"""1,32,128""",FLOAT16,ND,N/A,0.0,0,0.0,0.0,0.0,0.0,0.0,0.0,0.0,0.0,0.0,0.0,0.0,7.148,235898,1.768,0.247,4.646,0.65,1.091,0.153,0.216,0.03,0.0,0.000
0,4294967295,134,188,MhcHeadCollapse,MhcHeadCollapse,dynamic,AI_VECTOR_CORE,1789389240923277.437	,9.400,57.420000,20,0,NO,"""1,32,1024;8,1024;8;8""",FLOAT16;FLOAT;FLOAT;FLOAT,ND;ND;ND;ND,"""1,32,128""",FLOAT16,ND,N/A,0.0,0,0.0,0.0,0.0,0.0,0.0,0.0,0.0,0.0,0.0,0.0,0.0,7.047,232564,1.768,0.251,4.844,0.687,0.808,0.115,0.198,0.028,0.0,0.000
0,4294967295,135,188,MhcHeadCollapse,MhcHeadCollapse,dynamic,AI_VECTOR_CORE,1789389240923286.857	,9.600,0.000000,20,0,NO,"""1,32,1024;8,1024;8;8""",FLOAT16;FLOAT;FLOAT;FLOAT,ND;ND;ND;ND,"""1,32,128""",FLOAT16,ND,N/A,0.0,0,0.0,0.0,0.0,0.0,0.0,0.0,0.0,0.0,0.0,0.0,0.0,7.207,237833,1.768,0.245,4.652,0.646,1.17,0.162,0.216,0.03,0.0,0.000
0,4294967295,136,188,MhcHeadCollapse,MhcHeadCollapse,dynamic,AI_VECTOR_CORE,1789389240923296.497	,9.561,0.150000,20,0,NO,"""1,32,1024;8,1024;8;8""",FLOAT16;FLOAT;FLOAT;FLOAT,ND;ND;ND;ND,"""1,32,128""",FLOAT16,ND,N/A,0.0,0,0.0,0.0,0.0,0.0,0.0,0.0,0.0,0.0,0.0,0.0,0.0,7.188,237220,1.768,0.246,4.952,0.689,0.827,0.115,0.197,0.027,0.0,0.000
0,4294967295,137,188,MhcHeadCollapse,MhcHeadCollapse,dynamic,AI_VECTOR_CORE,1789389240923306.078	,9.800,0.000000,20,0,NO,"""1,32,1024;8,1024;8;8""",FLOAT16;FLOAT;FLOAT;FLOAT,ND;ND;ND;ND,"""1,32,128""",FLOAT16,ND,N/A,0.0,0,0.0,0.0,0.0,0.0,0.0,0.0,0.0,0.0,0.0,0.0,0.0,7.459,246158,1.768,0.237,4.799,0.643,1.235,0.166,0.214,0.029,0.0,0.000
0,4294967295,138,188,MhcHeadCollapse,MhcHeadCollapse,dynamic,AI_VECTOR_CORE,1789389240923315.918	,9.060,0.200000,20,0,NO,"""1,32,1024;8,1024;8;8""",FLOAT16;FLOAT;FLOAT;FLOAT,ND;ND;ND;ND,"""1,32,128""",FLOAT16,ND,N/A,0.0,0,0.0,0.0,0.0,0.0,0.0,0.0,0.0,0.0,0.0,0.0,0.0,6.885,227206,1.768,0.257,4.727,0.687,0.761,0.111,0.196,0.029,0.0,0.000
0,4294967295,139,188,MhcHeadCollapse,MhcHeadCollapse,dynamic,AI_VECTOR_CORE,1789389240923324.998	,9.280,0.000000,20,0,NO,"""1,32,1024;8,1024;8;8""",FLOAT16;FLOAT;FLOAT;FLOAT,ND;ND;ND;ND,"""1,32,128""",FLOAT16,ND,N/A,0.0,0,0.0,0.0,0.0,0.0,0.0,0.0,0.0,0.0,0.0,0.0,0.0,6.999,230953,1.768,0.253,4.599,0.657,0.993,0.142,0.216,0.031,0.0,0.000
0,4294967295,140,188,MhcHeadCollapse,MhcHeadCollapse,dynamic,AI_VECTOR_CORE,1789389240923334.298	,9.220,0.000000,20,0,NO,"""1,32,1024;8,1024;8;8""",FLOAT16;FLOAT;FLOAT;FLOAT,ND;ND;ND;ND,"""1,32,128""",FLOAT16,ND,N/A,0.0,0,0.0,0.0,0.0,0.0,0.0,0.0,0.0,0.0,0.0,0.0,0.0,6.99,230670,1.768,0.253,4.847,0.693,0.733,0.105,0.197,0.028,0.0,0.000
0,4294967295,141,188,MhcHeadCollapse,MhcHeadCollapse,dynamic,AI_VECTOR_CORE,1789389240923343.538	,9.541,0.030000,20,0,NO,"""1,32,1024;8,1024;8;8""",FLOAT16;FLOAT;FLOAT;FLOAT,ND;ND;ND;ND,"""1,32,128""",FLOAT16,ND,N/A,0.0,0,0.0,0.0,0.0,0.0,0.0,0.0,0.0,0.0,0.0,0.0,0.0,7.235,238740,1.768,0.244,4.671,0.646,1.137,0.157,0.216,0.03,0.0,0.000
0,4294967295,142,188,MhcHeadCollapse,MhcHeadCollapse,dynamic,AI_VECTOR_CORE,1789389240923353.099	,9.180,0.000000,20,0,NO,"""1,32,1024;8,1024;8;8""",FLOAT16;FLOAT;FLOAT;FLOAT,ND;ND;ND;ND,"""1,32,128""",FLOAT16,ND,N/A,0.0,0,0.0,0.0,0.0,0.0,0.0,0.0,0.0,0.0,0.0,0.0,0.0,6.944,229142,1.768,0.255,4.748,0.684,0.794,0.114,0.197,0.028,0.0,0.000
0,4294967295,143,188,MhcHeadCollapse,MhcHeadCollapse,dynamic,AI_VECTOR_CORE,1789389240923362.299	,8.980,0.070000,20,0,NO,"""1,32,1024;8,1024;8;8""",FLOAT16;FLOAT;FLOAT;FLOAT,ND;ND;ND;ND,"""1,32,128""",FLOAT16,ND,N/A,0.0,0,0.0,0.0,0.0,0.0,0.0,0.0,0.0,0.0,0.0,0.0,0.0,6.876,226908,1.768,0.257,4.54,0.66,0.94,0.137,0.215,0.031,0.0,0.000
0,4294967295,146,188,MhcHeadCollapse,MhcHeadCollapse,dynamic,AI_VECTOR_CORE,1789389240923429.640	,9.460,58.520000,20,0,NO,"""1,32,1024;8,1024;8;8""",FLOAT16;FLOAT;FLOAT;FLOAT,ND;ND;ND;ND,"""1,32,128""",FLOAT16,ND,N/A,0.0,0,0.0,0.0,0.0,0.0,0.0,0.0,0.0,0.0,0.0,0.0,0.0,7.076,233496,1.768,0.25,4.876,0.689,0.803,0.114,0.196,0.028,0.0,0.000
0,4294967295,147,188,MhcHeadCollapse,MhcHeadCollapse,dynamic,AI_VECTOR_CORE,1789389240923439.120	,9.640,0.000000,20,0,NO,"""1,32,1024;8,1024;8;8""",FLOAT16;FLOAT;FLOAT;FLOAT,ND;ND;ND;ND,"""1,32,128""",FLOAT16,ND,N/A,0.0,0,0.0,0.0,0.0,0.0,0.0,0.0,0.0,0.0,0.0,0.0,0.0,7.181,236981,1.768,0.246,4.683,0.652,1.096,0.153,0.214,0.03,0.0,0.000
0,4294967295,148,188,MhcHeadCollapse,MhcHeadCollapse,dynamic,AI_VECTOR_CORE,1789389240923448.780	,9.581,0.110000,20,0,NO,"""1,32,1024;8,1024;8;8""",FLOAT16;FLOAT;FLOAT;FLOAT,ND;ND;ND;ND,"""1,32,128""",FLOAT16,ND,N/A,0.0,0,0.0,0.0,0.0,0.0,0.0,0.0,0.0,0.0,0.0,0.0,0.0,7.149,235918,1.768,0.247,4.954,0.693,0.786,0.11,0.196,0.027,0.0,0.000
0,4294967295,149,188,MhcHeadCollapse,MhcHeadCollapse,dynamic,AI_VECTOR_CORE,1789389240923473.461	,9.820,15.169000,20,0,NO,"""1,32,1024;8,1024;8;8""",FLOAT16;FLOAT;FLOAT;FLOAT,ND;ND;ND;ND,"""1,32,128""",FLOAT16,ND,N/A,0.0,0,0.0,0.0,0.0,0.0,0.0,0.0,0.0,0.0,0.0,0.0,0.0,7.402,244273,1.768,0.239,4.74,0.64,1.235,0.167,0.216,0.029,0.0,0.000
0,4294967295,150,188,MhcHeadCollapse,MhcHeadCollapse,dynamic,AI_VECTOR_CORE,1789389240923483.301	,9.100,0.000000,20,0,NO,"""1,32,1024;8,1024;8;8""",FLOAT16;FLOAT;FLOAT;FLOAT,ND;ND;ND;ND,"""1,32,128""",FLOAT16,ND,N/A,0.0,0,0.0,0.0,0.0,0.0,0.0,0.0,0.0,0.0,0.0,0.0,0.0,6.883,227131,1.768,0.257,4.739,0.689,0.744,0.108,0.197,0.029,0.0,0.000
0,4294967295,151,188,MhcHeadCollapse,MhcHeadCollapse,dynamic,AI_VECTOR_CORE,1789389240923492.421	,9.381,0.150000,20,0,NO,"""1,32,1024;8,1024;8;8""",FLOAT16;FLOAT;FLOAT;FLOAT,ND;ND;ND;ND,"""1,32,128""",FLOAT16,ND,N/A,0.0,0,0.0,0.0,0.0,0.0,0.0,0.0,0.0,0.0,0.0,0.0,0.0,6.998,230925,1.768,0.253,4.633,0.662,0.962,0.138,0.217,0.031,0.0,0.000
0,4294967295,152,188,MhcHeadCollapse,MhcHeadCollapse,dynamic,AI_VECTOR_CORE,1789389240923501.822	,9.700,0.000000,20,0,NO,"""1,32,1024;8,1024;8;8""",FLOAT16;FLOAT;FLOAT;FLOAT,ND;ND;ND;ND,"""1,32,128""",FLOAT16,ND,N/A,0.0,0,0.0,0.0,0.0,0.0,0.0,0.0,0.0,0.0,0.0,0.0,0.0,7.027,231906,1.768,0.252,4.824,0.686,0.794,0.113,0.197,0.028,0.0,0.000
0,4294967295,153,188,MhcHeadCollapse,MhcHeadCollapse,dynamic,AI_VECTOR_CORE,1789389240923520.242	,9.560,8.800000,20,0,NO,"""1,32,1024;8,1024;8;8""",FLOAT16;FLOAT;FLOAT;FLOAT,ND;ND;ND;ND,"""1,32,128""",FLOAT16,ND,N/A,0.0,0,0.0,0.0,0.0,0.0,0.0,0.0,0.0,0.0,0.0,0.0,0.0,7.197,237508,1.768,0.246,4.671,0.649,1.099,0.153,0.216,0.03,0.0,0.000
0,4294967295,154,188,MhcHeadCollapse,MhcHeadCollapse,dynamic,AI_VECTOR_CORE,1789389240923529.822	,9.220,0.000000,20,0,NO,"""1,32,1024;8,1024;8;8""",FLOAT16;FLOAT;FLOAT;FLOAT,ND;ND;ND;ND,"""1,32,128""",FLOAT16,ND,N/A,0.0,0,0.0,0.0,0.0,0.0,0.0,0.0,0.0,0.0,0.0,0.0,0.0,6.902,227758,1.768,0.256,4.689,0.679,0.812,0.118,0.198,0.029,0.0,0.000
0,4294967295,155,188,MhcHeadCollapse,MhcHeadCollapse,dynamic,AI_VECTOR_CORE,1789389240923539.062	,8.960,0.030000,20,0,NO,"""1,32,1024;8,1024;8;8""",FLOAT16;FLOAT;FLOAT;FLOAT,ND;ND;ND;ND,"""1,32,128""",FLOAT16,ND,N/A,0.0,0,0.0,0.0,0.0,0.0,0.0,0.0,0.0,0.0,0.0,0.0,0.0,6.938,228940,1.768,0.255,4.55,0.656,0.988,0.142,0.218,0.031,0.0,0.000
0,4294967295,158,188,MhcHeadCollapse,MhcHeadCollapse,dynamic,AI_VECTOR_CORE,1789389240923603.044	,9.360,55.040000,20,0,NO,"""1,32,1024;8,1024;8;8""",FLOAT16;FLOAT;FLOAT;FLOAT,ND;ND;ND;ND,"""1,32,128""",FLOAT16,ND,N/A,0.0,0,0.0,0.0,0.0,0.0,0.0,0.0,0.0,0.0,0.0,0.0,0.0,7.059,232939,1.768,0.25,4.905,0.695,0.755,0.107,0.196,0.028,0.0,0.000
0,4294967295,159,188,MhcHeadCollapse,MhcHeadCollapse,dynamic,AI_VECTOR_CORE,1789389240923619.404	,9.620,7.140000,20,0,NO,"""1,32,1024;8,1024;8;8""",FLOAT16;FLOAT;FLOAT;FLOAT,ND;ND;ND;ND,"""1,32,128""",FLOAT16,ND,N/A,0.0,0,0.0,0.0,0.0,0.0,0.0,0.0,0.0,0.0,0.0,0.0,0.0,7.208,237856,1.768,0.245,4.702,0.652,1.111,0.154,0.214,0.03,0.0,0.000
0,4294967295,160,188,MhcHeadCollapse,MhcHeadCollapse,dynamic,AI_VECTOR_CORE,1789389240923629.044	,9.660,0.000000,20,0,NO,"""1,32,1024;8,1024;8;8""",FLOAT16;FLOAT;FLOAT;FLOAT,ND;ND;ND;ND,"""1,32,128""",FLOAT16,ND,N/A,0.0,0,0.0,0.0,0.0,0.0,0.0,0.0,0.0,0.0,0.0,0.0,0.0,7.193,237367,1.768,0.246,4.934,0.686,0.85,0.118,0.196,0.027,0.0,0.000
0,4294967295,161,188,MhcHeadCollapse,MhcHeadCollapse,dynamic,AI_VECTOR_CORE,1789389240923638.724	,9.000,0.090000,20,0,NO,"""1,32,1024;8,1024;8;8""",FLOAT16;FLOAT;FLOAT;FLOAT,ND;ND;ND;ND,"""1,32,128""",FLOAT16,ND,N/A,0.0,0,0.0,0.0,0.0,0.0,0.0,0.0,0.0,0.0,0.0,0.0,0.0,7.342,242289,1.768,0.241,5.29,0.72,0.626,0.085,0.216,0.029,0.0,0.000
0,4294967295,162,188,MhcHeadCollapse,MhcHeadCollapse,dynamic,AI_VECTOR_CORE,1789389240923647.744	,9.101,0.000000,20,0,NO,"""1,32,1024;8,1024;8;8""",FLOAT16;FLOAT;FLOAT;FLOAT,ND;ND;ND;ND,"""1,32,128""",FLOAT16,ND,N/A,0.0,0,0.0,0.0,0.0,0.0,0.0,0.0,0.0,0.0,0.0,0.0,0.0,6.856,226234,1.768,0.258,4.722,0.689,0.736,0.107,0.197,0.029,0.0,0.000
0,4294967295,163,188,MhcHeadCollapse,MhcHeadCollapse,dynamic,AI_VECTOR_CORE,1789389240923656.885	,9.300,0.149000,20,0,NO,"""1,32,1024;8,1024;8;8""",FLOAT16;FLOAT;FLOAT;FLOAT,ND;ND;ND;ND,"""1,32,128""",FLOAT16,ND,N/A,0.0,0,0.0,0.0,0.0,0.0,0.0,0.0,0.0,0.0,0.0,0.0,0.0,6.985,230489,1.768,0.253,4.645,0.665,0.935,0.134,0.216,0.031,0.0,0.000
0,4294967295,164,188,MhcHeadCollapse,MhcHeadCollapse,dynamic,AI_VECTOR_CORE,1789389240923666.205	,9.240,0.000000,20,0,NO,"""1,32,1024;8,1024;8;8""",FLOAT16;FLOAT;FLOAT;FLOAT,ND;ND;ND;ND,"""1,32,128""",FLOAT16,ND,N/A,0.0,0,0.0,0.0,0.0,0.0,0.0,0.0,0.0,0.0,0.0,0.0,0.0,6.978,230276,1.768,0.253,4.835,0.693,0.734,0.105,0.197,0.028,0.0,0.000
0,4294967295,165,188,MhcHeadCollapse,MhcHeadCollapse,dynamic,AI_VECTOR_CORE,1789389240923675.465	,9.520,0.010000,20,0,NO,"""1,32,1024;8,1024;8;8""",FLOAT16;FLOAT;FLOAT;FLOAT,ND;ND;ND;ND,"""1,32,128""",FLOAT16,ND,N/A,0.0,0,0.0,0.0,0.0,0.0,0.0,0.0,0.0,0.0,0.0,0.0,0.0,7.166,236462,1.768,0.247,4.667,0.651,1.071,0.149,0.216,0.03,0.0,0.000
0,4294967295,166,188,MhcHeadCollapse,MhcHeadCollapse,dynamic,AI_VECTOR_CORE,1789389240923685.005	,9.220,0.000000,20,0,NO,"""1,32,1024;8,1024;8;8""",FLOAT16;FLOAT;FLOAT;FLOAT,ND;ND;ND;ND,"""1,32,128""",FLOAT16,ND,N/A,0.0,0,0.0,0.0,0.0,0.0,0.0,0.0,0.0,0.0,0.0,0.0,0.0,6.938,228969,1.768,0.255,4.725,0.681,0.81,0.117,0.201,0.029,0.0,0.000
0,4294967295,167,188,MhcHeadCollapse,MhcHeadCollapse,dynamic,AI_VECTOR_CORE,1789389240923694.245	,8.941,0.030000,20,0,NO,"""1,32,1024;8,1024;8;8""",FLOAT16;FLOAT;FLOAT;FLOAT,ND;ND;ND;ND,"""1,32,128""",FLOAT16,ND,N/A,0.0,0,0.0,0.0,0.0,0.0,0.0,0.0,0.0,0.0,0.0,0.0,0.0,6.888,227303,1.768,0.257,4.575,0.664,0.917,0.133,0.215,0.031,0.0,0.000
0,4294967295,170,188,MhcHeadCollapse,MhcHeadCollapse,dynamic,AI_VECTOR_CORE,1789389240923757.247	,9.380,54.059000,20,0,NO,"""1,32,1024;8,1024;8;8""",FLOAT16;FLOAT;FLOAT;FLOAT,ND;ND;ND;ND,"""1,32,128""",FLOAT16,ND,N/A,0.0,0,0.0,0.0,0.0,0.0,0.0,0.0,0.0,0.0,0.0,0.0,0.0,7.047,232536,1.768,0.251,4.84,0.687,0.811,0.115,0.198,0.028,0.0,0.000
0,4294967295,171,188,MhcHeadCollapse,MhcHeadCollapse,dynamic,AI_VECTOR_CORE,1789389240923772.087	,9.620,5.370000,20,0,NO,"""1,32,1024;8,1024;8;8""",FLOAT16;FLOAT;FLOAT;FLOAT,ND;ND;ND;ND,"""1,32,128""",FLOAT16,ND,N/A,0.0,0,0.0,0.0,0.0,0.0,0.0,0.0,0.0,0.0,0.0,0.0,0.0,7.244,239039,1.768,0.244,4.711,0.65,1.148,0.158,0.216,0.03,0.0,0.000
0,4294967295,172,188,MhcHeadCollapse,MhcHeadCollapse,dynamic,AI_VECTOR_CORE,1789389240923781.747	,9.560,0.130000,20,0,NO,"""1,32,1024;8,1024;8;8""",FLOAT16;FLOAT;FLOAT;FLOAT,ND;ND;ND;ND,"""1,32,128""",FLOAT16,ND,N/A,0.0,0,0.0,0.0,0.0,0.0,0.0,0.0,0.0,0.0,0.0,0.0,0.0,7.171,236634,1.768,0.247,4.925,0.687,0.836,0.117,0.197,0.027,0.0,0.000
0,4294967295,173,188,MhcHeadCollapse,MhcHeadCollapse,dynamic,AI_VECTOR_CORE,1789389240923791.327	,9.841,0.000000,20,0,NO,"""1,32,1024;8,1024;8;8""",FLOAT16;FLOAT;FLOAT;FLOAT,ND;ND;ND;ND,"""1,32,128""",FLOAT16,ND,N/A,0.0,0,0.0,0.0,0.0,0.0,0.0,0.0,0.0,0.0,0.0,0.0,0.0,7.401,244221,1.768,0.239,4.774,0.645,1.202,0.162,0.214,0.029,0.0,0.000
0,4294967295,174,188,MhcHeadCollapse,MhcHeadCollapse,dynamic,AI_VECTOR_CORE,1789389240923801.188	,9.440,0.159000,20,0,NO,"""1,32,1024;8,1024;8;8""",FLOAT16;FLOAT;FLOAT;FLOAT,ND;ND;ND;ND,"""1,32,128""",FLOAT16,ND,N/A,0.0,0,0.0,0.0,0.0,0.0,0.0,0.0,0.0,0.0,0.0,0.0,0.0,6.876,226892,1.768,0.257,4.712,0.685,0.768,0.112,0.196,0.029,0.0,0.000
0,4294967295,175,188,MhcHeadCollapse,MhcHeadCollapse,dynamic,AI_VECTOR_CORE,1789389240923810.648	,9.380,0.060000,20,0,NO,"""1,32,1024;8,1024;8;8""",FLOAT16;FLOAT;FLOAT;FLOAT,ND;ND;ND;ND,"""1,32,128""",FLOAT16,ND,N/A,0.0,0,0.0,0.0,0.0,0.0,0.0,0.0,0.0,0.0,0.0,0.0,0.0,7.021,231698,1.768,0.252,4.596,0.655,1.03,0.147,0.215,0.031,0.0,0.000
0,4294967295,176,188,MhcHeadCollapse,MhcHeadCollapse,dynamic,AI_VECTOR_CORE,1789389240923820.048	,9.220,0.000000,20,0,NO,"""1,32,1024;8,1024;8;8""",FLOAT16;FLOAT;FLOAT;FLOAT,ND;ND;ND;ND,"""1,32,128""",FLOAT16,ND,N/A,0.0,0,0.0,0.0,0.0,0.0,0.0,0.0,0.0,0.0,0.0,0.0,0.0,6.978,230278,1.768,0.253,4.837,0.693,0.732,0.105,0.197,0.028,0.0,0.000
0,4294967295,177,188,MhcHeadCollapse,MhcHeadCollapse,dynamic,AI_VECTOR_CORE,1789389240923829.288	,9.540,0.030000,20,0,NO,"""1,32,1024;8,1024;8;8""",FLOAT16;FLOAT;FLOAT;FLOAT,ND;ND;ND;ND,"""1,32,128""",FLOAT16,ND,N/A,0.0,0,0.0,0.0,0.0,0.0,0.0,0.0,0.0,0.0,0.0,0.0,0.0,7.178,236867,1.768,0.246,4.661,0.649,1.092,0.152,0.214,0.03,0.0,0.000
0,4294967295,178,188,MhcHeadCollapse,MhcHeadCollapse,dynamic,AI_VECTOR_CORE,1789389240923838.848	,9.180,0.000000,20,0,NO,"""1,32,1024;8,1024;8;8""",FLOAT16;FLOAT;FLOAT;FLOAT,ND;ND;ND;ND,"""1,32,128""",FLOAT16,ND,N/A,0.0,0,0.0,0.0,0.0,0.0,0.0,0.0,0.0,0.0,0.0,0.0,0.0,6.968,229938,1.768,0.254,4.7,0.674,0.877,0.126,0.196,0.028,0.0,0.000
0,4294967295,179,188,MhcHeadCollapse,MhcHeadCollapse,dynamic,AI_VECTOR_CORE,1789389240923848.048	,8.981,0.070000,20,0,NO,"""1,32,1024;8,1024;8;8""",FLOAT16;FLOAT;FLOAT;FLOAT,ND;ND;ND;ND,"""1,32,128""",FLOAT16,ND,N/A,0.0,0,0.0,0.0,0.0,0.0,0.0,0.0,0.0,0.0,0.0,0.0,0.0,6.917,228252,1.768,0.256,4.59,0.664,0.93,0.134,0.216,0.031,0.0,0.000
0,4294967295,182,188,MhcHeadCollapse,MhcHeadCollapse,dynamic,AI_VECTOR_CORE,1789389240923908.510	,9.360,51.519000,20,0,NO,"""1,32,1024;8,1024;8;8""",FLOAT16;FLOAT;FLOAT;FLOAT,ND;ND;ND;ND,"""1,32,128""",FLOAT16,ND,N/A,0.0,0,0.0,0.0,0.0,0.0,0.0,0.0,0.0,0.0,0.0,0.0,0.0,7.048,232577,1.768,0.251,4.859,0.69,0.793,0.113,0.197,0.028,0.0,0.000
0,4294967295,183,188,MhcHeadCollapse,MhcHeadCollapse,dynamic,AI_VECTOR_CORE,1789389240923923.650	,9.620,5.890000,20,0,NO,"""1,32,1024;8,1024;8;8""",FLOAT16;FLOAT;FLOAT;FLOAT,ND;ND;ND;ND,"""1,32,128""",FLOAT16,ND,N/A,0.0,0,0.0,0.0,0.0,0.0,0.0,0.0,0.0,0.0,0.0,0.0,0.0,7.194,237394,1.768,0.246,4.706,0.654,1.097,0.153,0.214,0.03,0.0,0.000
0,4294967295,184,188,MhcHeadCollapse,MhcHeadCollapse,dynamic,AI_VECTOR_CORE,1789389240923933.290	,9.620,0.000000,20,0,NO,"""1,32,1024;8,1024;8;8""",FLOAT16;FLOAT;FLOAT;FLOAT,ND;ND;ND;ND,"""1,32,128""",FLOAT16,ND,N/A,0.0,0,0.0,0.0,0.0,0.0,0.0,0.0,0.0,0.0,0.0,0.0,0.0,7.165,236429,1.768,0.247,4.886,0.682,0.87,0.121,0.196,0.027,0.0,0.000
0,4294967295,185,188,MhcHeadCollapse,MhcHeadCollapse,dynamic,AI_VECTOR_CORE,1789389240923942.930	,8.980,0.130000,20,0,NO,"""1,32,1024;8,1024;8;8""",FLOAT16;FLOAT;FLOAT;FLOAT,ND;ND;ND;ND,"""1,32,128""",FLOAT16,ND,N/A,0.0,0,0.0,0.0,0.0,0.0,0.0,0.0,0.0,0.0,0.0,0.0,0.0,7.377,243436,1.768,0.24,5.322,0.721,0.626,0.085,0.217,0.029,0.0,0.000
0,4294967295,186,188,MhcHeadCollapse,MhcHeadCollapse,dynamic,AI_VECTOR_CORE,1789389240923951.930	,8.981,0.020000,20,0,NO,"""1,32,1024;8,1024;8;8""",FLOAT16;FLOAT;FLOAT;FLOAT,ND;ND;ND;ND,"""1,32,128""",FLOAT16,ND,N/A,0.0,0,0.0,0.0,0.0,0.0,0.0,0.0,0.0,0.0,0.0,0.0,0.0,6.844,225845,1.768,0.258,4.734,0.692,0.709,0.104,0.199,0.029,0.0,0.000
0,4294967295,187,188,MhcHeadCollapse,MhcHeadCollapse,dynamic,AI_VECTOR_CORE,1789389240923960.931	,9.360,0.019000,20,0,NO,"""1,32,1024;8,1024;8;8""",FLOAT16;FLOAT;FLOAT;FLOAT,ND;ND;ND;ND,"""1,32,128""",FLOAT16,ND,N/A,0.0,0,0.0,0.0,0.0,0.0,0.0,0.0,0.0,0.0,0.0,0.0,0.0,6.965,229854,1.768,0.254,4.606,0.661,0.952,0.137,0.214,0.031,0.0,0.000
0,4294967295,188,188,MhcHeadCollapse,MhcHeadCollapse,dynamic,AI_VECTOR_CORE,1789389240923970.331	,9.160,0.000000,20,0,NO,"""1,32,1024;8,1024;8;8""",FLOAT16;FLOAT;FLOAT;FLOAT,ND;ND;ND;ND,"""1,32,128""",FLOAT16,ND,N/A,0.0,0,0.0,0.0,0.0,0.0,0.0,0.0,0.0,0.0,0.0,0.0,0.0,6.979,230301,1.768,0.253,4.837,0.693,0.732,0.105,0.197,0.028,0.0,0.000
0,4294967295,189,188,MhcHeadCollapse,MhcHeadCollapse,dynamic,AI_VECTOR_CORE,1789389240923979.531	,9.520,0.090000,20,0,NO,"""1,32,1024;8,1024;8;8""",FLOAT16;FLOAT;FLOAT;FLOAT,ND;ND;ND;ND,"""1,32,128""",FLOAT16,ND,N/A,0.0,0,0.0,0.0,0.0,0.0,0.0,0.0,0.0,0.0,0.0,0.0,0.0,7.175,236763,1.768,0.246,4.687,0.653,1.063,0.148,0.214,0.03,0.0,0.000
0,4294967295,190,188,MhcHeadCollapse,MhcHeadCollapse,dynamic,AI_VECTOR_CORE,1789389240923989.071	,9.220,0.000000,20,0,NO,"""1,32,1024;8,1024;8;8""",FLOAT16;FLOAT;FLOAT;FLOAT,ND;ND;ND;ND,"""1,32,128""",FLOAT16,ND,N/A,0.0,0,0.0,0.0,0.0,0.0,0.0,0.0,0.0,0.0,0.0,0.0,0.0,6.94,229031,1.768,0.255,4.734,0.682,0.805,0.116,0.197,0.028,0.0,0.000
0,4294967295,191,188,MhcHeadCollapse,MhcHeadCollapse,dynamic,AI_VECTOR_CORE,1789389240923998.311	,9.001,0.030000,20,0,NO,"""1,32,1024;8,1024;8;8""",FLOAT16;FLOAT;FLOAT;FLOAT,ND;ND;ND;ND,"""1,32,128""",FLOAT16,ND,N/A,0.0,0,0.0,0.0,0.0,0.0,0.0,0.0,0.0,0.0,0.0,0.0,0.0,6.93,228688,1.768,0.255,4.564,0.659,0.972,0.14,0.214,0.031,0.0,0.000
0,4294967295,194,188,MhcHeadCollapse,MhcHeadCollapse,dynamic,AI_VECTOR_CORE,1789389240924067.253	,9.340,59.999000,20,0,NO,"""1,32,1024;8,1024;8;8""",FLOAT16;FLOAT;FLOAT;FLOAT,ND;ND;ND;ND,"""1,32,128""",FLOAT16,ND,N/A,0.0,0,0.0,0.0,0.0,0.0,0.0,0.0,0.0,0.0,0.0,0.0,0.0,7.051,232684,1.768,0.251,4.871,0.691,0.782,0.111,0.197,0.028,0.0,0.000
0,4294967295,195,188,MhcHeadCollapse,MhcHeadCollapse,dynamic,AI_VECTOR_CORE,1789389240924078.093	,9.460,1.410000,20,0,NO,"""1,32,1024;8,1024;8;8""",FLOAT16;FLOAT;FLOAT;FLOAT,ND;ND;ND;ND,"""1,32,128""",FLOAT16,ND,N/A,0.0,0,0.0,0.0,0.0,0.0,0.0,0.0,0.0,0.0,0.0,0.0,0.0,7.242,238986,1.768,0.244,4.672,0.645,1.187,0.164,0.214,0.03,0.0,0.000
0,4294967295,196,188,MhcHeadCollapse,MhcHeadCollapse,dynamic,AI_VECTOR_CORE,1789389240924093.333	,9.601,5.790000,20,0,NO,"""1,32,1024;8,1024;8;8""",FLOAT16;FLOAT;FLOAT;FLOAT,ND;ND;ND;ND,"""1,32,128""",FLOAT16,ND,N/A,0.0,0,0.0,0.0,0.0,0.0,0.0,0.0,0.0,0.0,0.0,0.0,0.0,7.178,236866,1.768,0.246,4.897,0.682,0.872,0.121,0.196,0.027,0.0,0.000
0,4294967295,197,188,MhcHeadCollapse,MhcHeadCollapse,dynamic,AI_VECTOR_CORE,1789389240924102.974	,9.720,0.149000,20,0,NO,"""1,32,1024;8,1024;8;8""",FLOAT16;FLOAT;FLOAT;FLOAT,ND;ND;ND;ND,"""1,32,128""",FLOAT16,ND,N/A,0.0,0,0.0,0.0,0.0,0.0,0.0,0.0,0.0,0.0,0.0,0.0,0.0,7.296,240759,1.768,0.242,5.003,0.686,0.865,0.119,0.217,0.03,0.0,0.000
0,4294967295,198,188,MhcHeadCollapse,MhcHeadCollapse,dynamic,AI_VECTOR_CORE,1789389240924112.714	,9.060,0.030000,20,0,NO,"""1,32,1024;8,1024;8;8""",FLOAT16;FLOAT;FLOAT;FLOAT,ND;ND;ND;ND,"""1,32,128""",FLOAT16,ND,N/A,0.0,0,0.0,0.0,0.0,0.0,0.0,0.0,0.0,0.0,0.0,0.0,0.0,6.858,226330,1.768,0.258,4.728,0.689,0.734,0.107,0.196,0.029,0.0,0.000
0,4294967295,199,188,MhcHeadCollapse,MhcHeadCollapse,dynamic,AI_VECTOR_CORE,1789389240924121.794	,8.640,0.000000,20,0,NO,"""1,32,1024;8,1024;8;8""",FLOAT16;FLOAT;FLOAT;FLOAT,ND;ND;ND;ND,"""1,32,128""",FLOAT16,ND,N/A,0.0,0,0.0,0.0,0.0,0.0,0.0,0.0,0.0,0.0,0.0,0.0,0.0,7.031,232025,1.768,0.251,5.033,0.716,0.572,0.081,0.214,0.03,0.0,0.000
0,4294967295,200,188,MhcHeadCollapse,MhcHeadCollapse,dynamic,AI_VECTOR_CORE,1789389240924130.454	,8.780,0.110000,20,0,NO,"""1,32,1024;8,1024;8;8""",FLOAT16;FLOAT;FLOAT;FLOAT,ND;ND;ND;ND,"""1,32,128""",FLOAT16,ND,N/A,0.0,0,0.0,0.0,0.0,0.0,0.0,0.0,0.0,0.0,0.0,0.0,0.0,7.155,236103,1.768,0.247,5.156,0.721,0.589,0.082,0.197,0.028,0.0,0.000
0,4294967295,201,188,MhcHeadCollapse,MhcHeadCollapse,dynamic,AI_VECTOR_CORE,1789389240924139.254	,9.500,0.000000,20,0,NO,"""1,32,1024;8,1024;8;8""",FLOAT16;FLOAT;FLOAT;FLOAT,ND;ND;ND;ND,"""1,32,128""",FLOAT16,ND,N/A,0.0,0,0.0,0.0,0.0,0.0,0.0,0.0,0.0,0.0,0.0,0.0,0.0,7.146,235809,1.768,0.247,4.626,0.647,1.093,0.153,0.216,0.03,0.0,0.000
0,4294967295,202,188,MhcHeadCollapse,MhcHeadCollapse,dynamic,AI_VECTOR_CORE,1789389240924148.774	,9.281,0.000000,20,0,NO,"""1,32,1024;8,1024;8;8""",FLOAT16;FLOAT;FLOAT;FLOAT,ND;ND;ND;ND,"""1,32,128""",FLOAT16,ND,N/A,0.0,0,0.0,0.0,0.0,0.0,0.0,0.0,0.0,0.0,0.0,0.0,0.0,6.971,230029,1.768,0.254,4.745,0.681,0.828,0.119,0.197,0.028,0.0,0.000
0,4294967295,203,188,MhcHeadCollapse,MhcHeadCollapse,dynamic,AI_VECTOR_CORE,1789389240924158.075	,9.000,0.000000,20,0,NO,"""1,32,1024;8,1024;8;8""",FLOAT16;FLOAT;FLOAT;FLOAT,ND;ND;ND;ND,"""1,32,128""",FLOAT16,ND,N/A,0.0,0,0.0,0.0,0.0,0.0,0.0,0.0,0.0,0.0,0.0,0.0,0.0,6.935,228859,1.768,0.255,4.582,0.661,0.957,0.138,0.216,0.031,0.0,0.000
0,4294967295,206,188,MhcHeadCollapse,MhcHeadCollapse,dynamic,AI_VECTOR_CORE,1789389240924225.856	,9.380,58.750000,20,0,NO,"""1,32,1024;8,1024;8;8""",FLOAT16;FLOAT;FLOAT;FLOAT,ND;ND;ND;ND,"""1,32,128""",FLOAT16,ND,N/A,0.0,0,0.0,0.0,0.0,0.0,0.0,0.0,0.0,0.0,0.0,0.0,0.0,7.049,232605,1.768,0.251,4.857,0.689,0.791,0.112,0.197,0.028,0.0,0.000
0,4294967295,207,188,MhcHeadCollapse,MhcHeadCollapse,dynamic,AI_VECTOR_CORE,1789389240924240.996	,9.440,5.870000,20,0,NO,"""1,32,1024;8,1024;8;8""",FLOAT16;FLOAT;FLOAT;FLOAT,ND;ND;ND;ND,"""1,32,128""",FLOAT16,ND,N/A,0.0,0,0.0,0.0,0.0,0.0,0.0,0.0,0.0,0.0,0.0,0.0,0.0,7.197,237486,1.768,0.246,4.722,0.656,1.081,0.15,0.214,0.03,0.0,0.000
0,4294967295,208,188,MhcHeadCollapse,MhcHeadCollapse,dynamic,AI_VECTOR_CORE,1789389240924250.456	,9.621,0.060000,20,0,NO,"""1,32,1024;8,1024;8;8""",FLOAT16;FLOAT;FLOAT;FLOAT,ND;ND;ND;ND,"""1,32,128""",FLOAT16,ND,N/A,0.0,0,0.0,0.0,0.0,0.0,0.0,0.0,0.0,0.0,0.0,0.0,0.0,7.196,237459,1.768,0.246,4.946,0.687,0.841,0.117,0.196,0.027,0.0,0.000
0,4294967295,209,188,MhcHeadCollapse,MhcHeadCollapse,dynamic,AI_VECTOR_CORE,1789389240924260.097	,9.820,0.000000,20,0,NO,"""1,32,1024;8,1024;8;8""",FLOAT16;FLOAT;FLOAT;FLOAT,ND;ND;ND;ND,"""1,32,128""",FLOAT16,ND,N/A,0.0,0,0.0,0.0,0.0,0.0,0.0,0.0,0.0,0.0,0.0,0.0,0.0,7.414,244655,1.768,0.238,4.788,0.646,1.2,0.162,0.214,0.029,0.0,0.000
0,4294967295,210,188,MhcHeadCollapse,MhcHeadCollapse,dynamic,AI_VECTOR_CORE,1789389240924269.937	,9.060,0.180000,20,0,NO,"""1,32,1024;8,1024;8;8""",FLOAT16;FLOAT;FLOAT;FLOAT,ND;ND;ND;ND,"""1,32,128""",FLOAT16,ND,N/A,0.0,0,0.0,0.0,0.0,0.0,0.0,0.0,0.0,0.0,0.0,0.0,0.0,6.839,225688,1.768,0.258,4.71,0.689,0.731,0.107,0.197,0.029,0.0,0.000
0,4294967295,211,188,MhcHeadCollapse,MhcHeadCollapse,dynamic,AI_VECTOR_CORE,1789389240924279.017	,9.300,0.000000,20,0,NO,"""1,32,1024;8,1024;8;8""",FLOAT16;FLOAT;FLOAT;FLOAT,ND;ND;ND;ND,"""1,32,128""",FLOAT16,ND,N/A,0.0,0,0.0,0.0,0.0,0.0,0.0,0.0,0.0,0.0,0.0,0.0,0.0,6.97,230006,1.768,0.254,4.619,0.663,0.952,0.137,0.214,0.031,0.0,0.000
0,4294967295,212,188,MhcHeadCollapse,MhcHeadCollapse,dynamic,AI_VECTOR_CORE,1789389240924288.337	,9.280,0.000000,20,0,NO,"""1,32,1024;8,1024;8;8""",FLOAT16;FLOAT;FLOAT;FLOAT,ND;ND;ND;ND,"""1,32,128""",FLOAT16,ND,N/A,0.0,0,0.0,0.0,0.0,0.0,0.0,0.0,0.0,0.0,0.0,0.0,0.0,7.016,231518,1.768,0.252,4.825,0.688,0.781,0.111,0.197,0.028,0.0,0.000
0,4294967295,213,188,MhcHeadCollapse,MhcHeadCollapse,dynamic,AI_VECTOR_CORE,1789389240924297.637	,9.521,0.220000,20,0,NO,"""1,32,1024;8,1024;8;8""",FLOAT16;FLOAT;FLOAT;FLOAT,ND;ND;ND;ND,"""1,32,128""",FLOAT16,ND,N/A,0.0,0,0.0,0.0,0.0,0.0,0.0,0.0,0.0,0.0,0.0,0.0,0.0,7.209,237900,1.768,0.245,4.686,0.65,1.097,0.152,0.215,0.03,0.0,0.000
0,4294967295,214,188,MhcHeadCollapse,MhcHeadCollapse,dynamic,AI_VECTOR_CORE,1789389240924307.178	,9.300,0.000000,20,0,NO,"""1,32,1024;8,1024;8;8""",FLOAT16;FLOAT;FLOAT;FLOAT,ND;ND;ND;ND,"""1,32,128""",FLOAT16,ND,N/A,0.0,0,0.0,0.0,0.0,0.0,0.0,0.0,0.0,0.0,0.0,0.0,0.0,6.911,228048,1.768,0.256,4.731,0.685,0.781,0.113,0.196,0.028,0.0,0.000
0,4294967295,215,188,MhcHeadCollapse,MhcHeadCollapse,dynamic,AI_VECTOR_CORE,1789389240924316.498	,8.980,0.000000,20,0,NO,"""1,32,1024;8,1024;8;8""",FLOAT16;FLOAT;FLOAT;FLOAT,ND;ND;ND;ND,"""1,32,128""",FLOAT16,ND,N/A,0.0,0,0.0,0.0,0.0,0.0,0.0,0.0,0.0,0.0,0.0,0.0,0.0,6.945,229173,1.768,0.255,4.592,0.661,0.955,0.137,0.215,0.031,0.0,0.000
0,4294967295,218,188,MhcHeadCollapse,MhcHeadCollapse,dynamic,AI_VECTOR_CORE,1789389240924389.079	,9.440,63.520000,20,0,NO,"""1,32,1024;8,1024;8;8""",FLOAT16;FLOAT;FLOAT;FLOAT,ND;ND;ND;ND,"""1,32,128""",FLOAT16,ND,N/A,0.0,0,0.0,0.0,0.0,0.0,0.0,0.0,0.0,0.0,0.0,0.0,0.0,7.068,233257,1.768,0.25,4.87,0.689,0.805,0.114,0.197,0.028,0.0,0.000
0,4294967295,219,188,MhcHeadCollapse,MhcHeadCollapse,dynamic,AI_VECTOR_CORE,1789389240924398.539	,9.641,0.060000,20,0,NO,"""1,32,1024;8,1024;8;8""",FLOAT16;FLOAT;FLOAT;FLOAT,ND;ND;ND;ND,"""1,32,128""",FLOAT16,ND,N/A,0.0,0,0.0,0.0,0.0,0.0,0.0,0.0,0.0,0.0,0.0,0.0,0.0,7.198,237543,1.768,0.246,4.684,0.651,1.126,0.156,0.216,0.03,0.0,0.000
0,4294967295,220,188,MhcHeadCollapse,MhcHeadCollapse,dynamic,AI_VECTOR_CORE,1789389240924408.200	,9.500,0.109000,20,0,NO,"""1,32,1024;8,1024;8;8""",FLOAT16;FLOAT;FLOAT;FLOAT,ND;ND;ND;ND,"""1,32,128""",FLOAT16,ND,N/A,0.0,0,0.0,0.0,0.0,0.0,0.0,0.0,0.0,0.0,0.0,0.0,0.0,7.169,236583,1.768,0.247,4.968,0.693,0.792,0.11,0.197,0.027,0.0,0.000
0,4294967295,221,188,MhcHeadCollapse,MhcHeadCollapse,dynamic,AI_VECTOR_CORE,1789389240924417.720	,9.820,0.000000,20,0,NO,"""1,32,1024;8,1024;8;8""",FLOAT16;FLOAT;FLOAT;FLOAT,ND;ND;ND;ND,"""1,32,128""",FLOAT16,ND,N/A,0.0,0,0.0,0.0,0.0,0.0,0.0,0.0,0.0,0.0,0.0,0.0,0.0,7.38,243536,1.768,0.24,4.757,0.645,1.197,0.162,0.214,0.029,0.0,0.000
0,4294967295,222,188,MhcHeadCollapse,MhcHeadCollapse,dynamic,AI_VECTOR_CORE,1789389240924427.580	,9.040,0.000000,20,0,NO,"""1,32,1024;8,1024;8;8""",FLOAT16;FLOAT;FLOAT;FLOAT,ND;ND;ND;ND,"""1,32,128""",FLOAT16,ND,N/A,0.0,0,0.0,0.0,0.0,0.0,0.0,0.0,0.0,0.0,0.0,0.0,0.0,6.861,226421,1.768,0.258,4.716,0.687,0.747,0.109,0.197,0.029,0.0,0.000
0,4294967295,223,188,MhcHeadCollapse,MhcHeadCollapse,dynamic,AI_VECTOR_CORE,1789389240924438.860	,9.320,2.210000,20,0,NO,"""1,32,1024;8,1024;8;8""",FLOAT16;FLOAT;FLOAT;FLOAT,ND;ND;ND;ND,"""1,32,128""",FLOAT16,ND,N/A,0.0,0,0.0,0.0,0.0,0.0,0.0,0.0,0.0,0.0,0.0,0.0,0.0,7.02,231673,1.768,0.252,4.584,0.653,1.032,0.147,0.216,0.031,0.0,0.000
0,4294967295,224,188,MhcHeadCollapse,MhcHeadCollapse,dynamic,AI_VECTOR_CORE,1789389240924448.200	,9.381,0.180000,20,0,NO,"""1,32,1024;8,1024;8;8""",FLOAT16;FLOAT;FLOAT;FLOAT,ND;ND;ND;ND,"""1,32,128""",FLOAT16,ND,N/A,0.0,0,0.0,0.0,0.0,0.0,0.0,0.0,0.0,0.0,0.0,0.0,0.0,7.015,231498,1.768,0.252,4.825,0.688,0.781,0.111,0.196,0.028,0.0,0.000
0,4294967295,225,188,MhcHeadCollapse,MhcHeadCollapse,dynamic,AI_VECTOR_CORE,1789389240924457.601	,8.880,0.000000,20,0,NO,"""1,32,1024;8,1024;8;8""",FLOAT16;FLOAT;FLOAT;FLOAT,ND;ND;ND;ND,"""1,32,128""",FLOAT16,ND,N/A,0.0,0,0.0,0.0,0.0,0.0,0.0,0.0,0.0,0.0,0.0,0.0,0.0,7.22,238270,1.768,0.245,5.19,0.719,0.602,0.083,0.217,0.03,0.0,0.000
0,4294967295,226,188,MhcHeadCollapse,MhcHeadCollapse,dynamic,AI_VECTOR_CORE,1789389240924466.501	,9.180,0.120000,20,0,NO,"""1,32,1024;8,1024;8;8""",FLOAT16;FLOAT;FLOAT;FLOAT,ND;ND;ND;ND,"""1,32,128""",FLOAT16,ND,N/A,0.0,0,0.0,0.0,0.0,0.0,0.0,0.0,0.0,0.0,0.0,0.0,0.0,6.937,228907,1.768,0.255,4.746,0.684,0.79,0.114,0.2,0.029,0.0,0.000
0,4294967295,227,188,MhcHeadCollapse,MhcHeadCollapse,dynamic,AI_VECTOR_CORE,1789389240924475.701	,9.020,0.070000,20,0,NO,"""1,32,1024;8,1024;8;8""",FLOAT16;FLOAT;FLOAT;FLOAT,ND;ND;ND;ND,"""1,32,128""",FLOAT16,ND,N/A,0.0,0,0.0,0.0,0.0,0.0,0.0,0.0,0.0,0.0,0.0,0.0,0.0,6.932,228743,1.768,0.255,4.642,0.67,0.893,0.129,0.215,0.031,0.0,0.000
0,4294967295,230,188,MhcHeadCollapse,MhcHeadCollapse,dynamic,AI_VECTOR_CORE,1789389240924537.442	,9.400,52.730000,20,0,NO,"""1,32,1024;8,1024;8;8""",FLOAT16;FLOAT;FLOAT;FLOAT,ND;ND;ND;ND,"""1,32,128""",FLOAT16,ND,N/A,0.0,0,0.0,0.0,0.0,0.0,0.0,0.0,0.0,0.0,0.0,0.0,0.0,7.037,232231,1.768,0.251,4.829,0.686,0.811,0.115,0.199,0.028,0.0,0.000
0,4294967295,231,188,MhcHeadCollapse,MhcHeadCollapse,dynamic,AI_VECTOR_CORE,1789389240924548.462	,9.621,1.600000,20,0,NO,"""1,32,1024;8,1024;8;8""",FLOAT16;FLOAT;FLOAT;FLOAT,ND;ND;ND;ND,"""1,32,128""",FLOAT16,ND,N/A,0.0,0,0.0,0.0,0.0,0.0,0.0,0.0,0.0,0.0,0.0,0.0,0.0,7.152,236002,1.768,0.247,4.687,0.655,1.064,0.149,0.218,0.031,0.0,0.000
0,4294967295,232,188,MhcHeadCollapse,MhcHeadCollapse,dynamic,AI_VECTOR_CORE,1789389240924561.503	,9.620,3.379000,20,0,NO,"""1,32,1024;8,1024;8;8""",FLOAT16;FLOAT;FLOAT;FLOAT,ND;ND;ND;ND,"""1,32,128""",FLOAT16,ND,N/A,0.0,0,0.0,0.0,0.0,0.0,0.0,0.0,0.0,0.0,0.0,0.0,0.0,7.161,236314,1.768,0.247,4.914,0.686,0.837,0.117,0.197,0.028,0.0,0.000
0,4294967295,233,188,MhcHeadCollapse,MhcHeadCollapse,dynamic,AI_VECTOR_CORE,1789389240924571.143	,9.900,0.130000,20,0,NO,"""1,32,1024;8,1024;8;8""",FLOAT16;FLOAT;FLOAT;FLOAT,ND;ND;ND;ND,"""1,32,128""",FLOAT16,ND,N/A,0.0,0,0.0,0.0,0.0,0.0,0.0,0.0,0.0,0.0,0.0,0.0,0.0,7.378,243478,1.768,0.24,4.807,0.651,1.146,0.155,0.215,0.029,0.0,0.000
0,4294967295,234,188,MhcHeadCollapse,MhcHeadCollapse,dynamic,AI_VECTOR_CORE,1789389240924581.063	,9.040,0.000000,20,0,NO,"""1,32,1024;8,1024;8;8""",FLOAT16;FLOAT;FLOAT;FLOAT,ND;ND;ND;ND,"""1,32,128""",FLOAT16,ND,N/A,0.0,0,0.0,0.0,0.0,0.0,0.0,0.0,0.0,0.0,0.0,0.0,0.0,6.848,225971,1.768,0.258,4.717,0.689,0.734,0.107,0.196,0.029,0.0,0.000
0,4294967295,235,188,MhcHeadCollapse,MhcHeadCollapse,dynamic,AI_VECTOR_CORE,1789389240924591.723	,9.300,1.710000,20,0,NO,"""1,32,1024;8,1024;8;8""",FLOAT16;FLOAT;FLOAT;FLOAT,ND;ND;ND;ND,"""1,32,128""",FLOAT16,ND,N/A,0.0,0,0.0,0.0,0.0,0.0,0.0,0.0,0.0,0.0,0.0,0.0,0.0,6.986,230536,1.768,0.253,4.572,0.654,1.011,0.145,0.218,0.031,0.0,0.000
0,4294967295,236,188,MhcHeadCollapse,MhcHeadCollapse,dynamic,AI_VECTOR_CORE,1789389240924601.043	,9.261,0.000000,20,0,NO,"""1,32,1024;8,1024;8;8""",FLOAT16;FLOAT;FLOAT;FLOAT,ND;ND;ND;ND,"""1,32,128""",FLOAT16,ND,N/A,0.0,0,0.0,0.0,0.0,0.0,0.0,0.0,0.0,0.0,0.0,0.0,0.0,7.02,231671,1.768,0.252,4.801,0.684,0.81,0.115,0.196,0.028,0.0,0.000
0,4294967295,237,188,MhcHeadCollapse,MhcHeadCollapse,dynamic,AI_VECTOR_CORE,1789389240924610.324	,9.520,0.000000,20,0,NO,"""1,32,1024;8,1024;8;8""",FLOAT16;FLOAT;FLOAT;FLOAT,ND;ND;ND;ND,"""1,32,128""",FLOAT16,ND,N/A,0.0,0,0.0,0.0,0.0,0.0,0.0,0.0,0.0,0.0,0.0,0.0,0.0,7.197,237509,1.768,0.246,4.662,0.648,1.111,0.154,0.213,0.03,0.0,0.000
0,4294967295,238,188,MhcHeadCollapse,MhcHeadCollapse,dynamic,AI_VECTOR_CORE,1789389240924619.864	,9.260,0.000000,20,0,NO,"""1,32,1024;8,1024;8;8""",FLOAT16;FLOAT;FLOAT;FLOAT,ND;ND;ND;ND,"""1,32,128""",FLOAT16,ND,N/A,0.0,0,0.0,0.0,0.0,0.0,0.0,0.0,0.0,0.0,0.0,0.0,0.0,6.906,227882,1.768,0.256,4.717,0.683,0.787,0.114,0.196,0.028,0.0,0.000
0,4294967295,239,188,MhcHeadCollapse,MhcHeadCollapse,dynamic,AI_VECTOR_CORE,1789389240924629.144	,8.980,0.240000,20,0,NO,"""1,32,1024;8,1024;8;8""",FLOAT16;FLOAT;FLOAT;FLOAT,ND;ND;ND;ND,"""1,32,128""",FLOAT16,ND,N/A,0.0,0,0.0,0.0,0.0,0.0,0.0,0.0,0.0,0.0,0.0,0.0,0.0,6.921,228392,1.768,0.255,4.583,0.662,0.941,0.136,0.216,0.031,0.0,0.000
0,4294967295,242,188,MhcHeadCollapse,MhcHeadCollapse,dynamic,AI_VECTOR_CORE,1789389240924703.066	,9.720,64.770000,20,0,NO,"""1,32,1024;8,1024;8;8""",FLOAT16;FLOAT;FLOAT;FLOAT,ND;ND;ND;ND,"""1,32,128""",FLOAT16,ND,N/A,0.0,0,0.0,0.0,0.0,0.0,0.0,0.0,0.0,0.0,0.0,0.0,0.0,7.084,233779,1.768,0.25,4.86,0.686,0.831,0.117,0.196,0.028,0.0,0.000
0,4294967295,243,188,MhcHeadCollapse,MhcHeadCollapse,dynamic,AI_VECTOR_CORE,1789389240924714.326	,9.600,1.530000,20,0,NO,"""1,32,1024;8,1024;8;8""",FLOAT16;FLOAT;FLOAT;FLOAT,ND;ND;ND;ND,"""1,32,128""",FLOAT16,ND,N/A,0.0,0,0.0,0.0,0.0,0.0,0.0,0.0,0.0,0.0,0.0,0.0,0.0,7.213,238035,1.768,0.245,4.724,0.655,1.087,0.151,0.217,0.03,0.0,0.000
0,4294967295,244,188,MhcHeadCollapse,MhcHeadCollapse,dynamic,AI_VECTOR_CORE,1789389240924723.946	,9.600,0.150000,20,0,NO,"""1,32,1024;8,1024;8;8""",FLOAT16;FLOAT;FLOAT;FLOAT,ND;ND;ND;ND,"""1,32,128""",FLOAT16,ND,N/A,0.0,0,0.0,0.0,0.0,0.0,0.0,0.0,0.0,0.0,0.0,0.0,0.0,7.178,236890,1.768,0.246,4.928,0.687,0.841,0.117,0.197,0.027,0.0,0.000
0,4294967295,245,188,MhcHeadCollapse,MhcHeadCollapse,dynamic,AI_VECTOR_CORE,1789389240924733.566	,9.800,0.000000,20,0,NO,"""1,32,1024;8,1024;8;8""",FLOAT16;FLOAT;FLOAT;FLOAT,ND;ND;ND;ND,"""1,32,128""",FLOAT16,ND,N/A,0.0,0,0.0,0.0,0.0,0.0,0.0,0.0,0.0,0.0,0.0,0.0,0.0,7.405,244356,1.768,0.239,4.798,0.648,1.182,0.16,0.214,0.029,0.0,0.000
0,4294967295,246,188,MhcHeadCollapse,MhcHeadCollapse,dynamic,AI_VECTOR_CORE,1789389240924743.386	,9.120,0.200000,20,0,NO,"""1,32,1024;8,1024;8;8""",FLOAT16;FLOAT;FLOAT;FLOAT,ND;ND;ND;ND,"""1,32,128""",FLOAT16,ND,N/A,0.0,0,0.0,0.0,0.0,0.0,0.0,0.0,0.0,0.0,0.0,0.0,0.0,6.884,227157,1.768,0.257,4.734,0.688,0.753,0.109,0.196,0.029,0.0,0.000
0,4294967295,247,188,MhcHeadCollapse,MhcHeadCollapse,dynamic,AI_VECTOR_CORE,1789389240924753.967	,9.320,1.380000,20,0,NO,"""1,32,1024;8,1024;8;8""",FLOAT16;FLOAT;FLOAT;FLOAT,ND;ND;ND;ND,"""1,32,128""",FLOAT16,ND,N/A,0.0,0,0.0,0.0,0.0,0.0,0.0,0.0,0.0,0.0,0.0,0.0,0.0,7.011,231369,1.768,0.252,4.586,0.654,1.015,0.145,0.221,0.032,0.0,0.000
0,4294967295,248,188,MhcHeadCollapse,MhcHeadCollapse,dynamic,AI_VECTOR_CORE,1789389240924763.307	,9.280,0.000000,20,0,NO,"""1,32,1024;8,1024;8;8""",FLOAT16;FLOAT;FLOAT;FLOAT,ND;ND;ND;ND,"""1,32,128""",FLOAT16,ND,N/A,0.0,0,0.0,0.0,0.0,0.0,0.0,0.0,0.0,0.0,0.0,0.0,0.0,7.004,231137,1.768,0.252,4.82,0.688,0.774,0.111,0.197,0.028,0.0,0.000
0,4294967295,249,188,MhcHeadCollapse,MhcHeadCollapse,dynamic,AI_VECTOR_CORE,1789389240924772.607	,9.500,0.000000,20,0,NO,"""1,32,1024;8,1024;8;8""",FLOAT16;FLOAT;FLOAT;FLOAT,ND;ND;ND;ND,"""1,32,128""",FLOAT16,ND,N/A,0.0,0,0.0,0.0,0.0,0.0,0.0,0.0,0.0,0.0,0.0,0.0,0.0,7.201,237648,1.768,0.245,4.713,0.654,1.062,0.147,0.216,0.03,0.0,0.000
0,4294967295,250,188,MhcHeadCollapse,MhcHeadCollapse,dynamic,AI_VECTOR_CORE,1789389240924782.127	,9.260,0.250000,20,0,NO,"""1,32,1024;8,1024;8;8""",FLOAT16;FLOAT;FLOAT;FLOAT,ND;ND;ND;ND,"""1,32,128""",FLOAT16,ND,N/A,0.0,0,0.0,0.0,0.0,0.0,0.0,0.0,0.0,0.0,0.0,0.0,0.0,6.894,227487,1.768,0.256,4.716,0.684,0.778,0.113,0.197,0.029,0.0,0.000
0,4294967295,251,188,MhcHeadCollapse,MhcHeadCollapse,dynamic,AI_VECTOR_CORE,1789389240924791.407	,8.940,0.000000,20,0,NO,"""1,32,1024;8,1024;8;8""",FLOAT16;FLOAT;FLOAT;FLOAT,ND;ND;ND;ND,"""1,32,128""",FLOAT16,ND,N/A,0.0,0,0.0,0.0,0.0,0.0,0.0,0.0,0.0,0.0,0.0,0.0,0.0,7.004,231122,1.768,0.252,4.575,0.653,1.04,0.148,0.215,0.031,0.0,0.000
0,4294967295,254,188,MhcHeadCollapse,MhcHeadCollapse,dynamic,AI_VECTOR_CORE,1789389240924857.269	,9.440,56.810000,20,0,NO,"""1,32,1024;8,1024;8;8""",FLOAT16;FLOAT;FLOAT;FLOAT,ND;ND;ND;ND,"""1,32,128""",FLOAT16,ND,N/A,0.0,0,0.0,0.0,0.0,0.0,0.0,0.0,0.0,0.0,0.0,0.0,0.0,7.06,232987,1.768,0.25,4.852,0.687,0.814,0.115,0.197,0.028,0.0,0.000
0,4294967295,255,188,MhcHeadCollapse,MhcHeadCollapse,dynamic,AI_VECTOR_CORE,1789389240924866.729	,9.620,0.060000,20,0,NO,"""1,32,1024;8,1024;8;8""",FLOAT16;FLOAT;FLOAT;FLOAT,ND;ND;ND;ND,"""1,32,128""",FLOAT16,ND,N/A,0.0,0,0.0,0.0,0.0,0.0,0.0,0.0,0.0,0.0,0.0,0.0,0.0,7.174,236737,1.768,0.246,4.708,0.656,1.073,0.15,0.214,0.03,0.0,0.000
0,4294967295,256,188,MhcHeadCollapse,MhcHeadCollapse,dynamic,AI_VECTOR_CORE,1789389240924876.389	,9.540,0.130000,20,0,NO,"""1,32,1024;8,1024;8;8""",FLOAT16;FLOAT;FLOAT;FLOAT,ND;ND;ND;ND,"""1,32,128""",FLOAT16,ND,N/A,0.0,0,0.0,0.0,0.0,0.0,0.0,0.0,0.0,0.0,0.0,0.0,0.0,7.171,236647,1.768,0.247,4.97,0.693,0.792,0.11,0.197,0.027,0.0,0.000
0,4294967295,257,188,MhcHeadCollapse,MhcHeadCollapse,dynamic,AI_VECTOR_CORE,1789389240924885.949	,9.820,0.000000,20,0,NO,"""1,32,1024;8,1024;8;8""",FLOAT16;FLOAT;FLOAT;FLOAT,ND;ND;ND;ND,"""1,32,128""",FLOAT16,ND,N/A,0.0,0,0.0,0.0,0.0,0.0,0.0,0.0,0.0,0.0,0.0,0.0,0.0,7.391,243900,1.768,0.239,4.788,0.648,1.178,0.159,0.214,0.029,0.0,0.000
0,4294967295,258,188,MhcHeadCollapse,MhcHeadCollapse,dynamic,AI_VECTOR_CORE,1789389240924895.789	,9.121,0.000000,20,0,NO,"""1,32,1024;8,1024;8;8""",FLOAT16;FLOAT;FLOAT;FLOAT,ND;ND;ND;ND,"""1,32,128""",FLOAT16,ND,N/A,0.0,0,0.0,0.0,0.0,0.0,0.0,0.0,0.0,0.0,0.0,0.0,0.0,6.898,227643,1.768,0.256,4.738,0.687,0.766,0.111,0.198,0.029,0.0,0.000
0,4294967295,259,188,MhcHeadCollapse,MhcHeadCollapse,dynamic,AI_VECTOR_CORE,1789389240924904.930	,9.560,0.129000,20,0,NO,"""1,32,1024;8,1024;8;8""",FLOAT16;FLOAT;FLOAT;FLOAT,ND;ND;ND;ND,"""1,32,128""",FLOAT16,ND,N/A,0.0,0,0.0,0.0,0.0,0.0,0.0,0.0,0.0,0.0,0.0,0.0,0.0,7.115,234790,1.768,0.248,4.639,0.652,1.066,0.15,0.215,0.03,0.0,0.000
0,4294967295,260,188,MhcHeadCollapse,MhcHeadCollapse,dynamic,AI_VECTOR_CORE,1789389240924914.510	,9.500,0.000000,20,0,NO,"""1,32,1024;8,1024;8;8""",FLOAT16;FLOAT;FLOAT;FLOAT,ND;ND;ND;ND,"""1,32,128""",FLOAT16,ND,N/A,0.0,0,0.0,0.0,0.0,0.0,0.0,0.0,0.0,0.0,0.0,0.0,0.0,7.082,233690,1.768,0.25,4.87,0.688,0.802,0.113,0.197,0.028,0.0,0.000
0,4294967295,261,188,MhcHeadCollapse,MhcHeadCollapse,dynamic,AI_VECTOR_CORE,1789389240924924.030	,9.280,0.000000,20,0,NO,"""1,32,1024;8,1024;8;8""",FLOAT16;FLOAT;FLOAT;FLOAT,ND;ND;ND;ND,"""1,32,128""",FLOAT16,ND,N/A,0.0,0,0.0,0.0,0.0,0.0,0.0,0.0,0.0,0.0,0.0,0.0,0.0,6.949,229301,1.768,0.254,4.598,0.662,0.949,0.137,0.214,0.031,0.0,0.000
0,4294967295,262,188,MhcHeadCollapse,MhcHeadCollapse,dynamic,AI_VECTOR_CORE,1789389240924933.330	,9.180,0.000000,20,0,NO,"""1,32,1024;8,1024;8;8""",FLOAT16;FLOAT;FLOAT;FLOAT,ND;ND;ND;ND,"""1,32,128""",FLOAT16,ND,N/A,0.0,0,0.0,0.0,0.0,0.0,0.0,0.0,0.0,0.0,0.0,0.0,0.0,7.003,231101,1.768,0.252,4.844,0.692,0.749,0.107,0.197,0.028,0.0,0.000
0,4294967295,263,188,MhcHeadCollapse,MhcHeadCollapse,dynamic,AI_VECTOR_CORE,1789389240924942.550	,9.540,0.070000,20,0,NO,"""1,32,1024;8,1024;8;8""",FLOAT16;FLOAT;FLOAT;FLOAT,ND;ND;ND;ND,"""1,32,128""",FLOAT16,ND,N/A,0.0,0,0.0,0.0,0.0,0.0,0.0,0.0,0.0,0.0,0.0,0.0,0.0,7.247,239138,1.768,0.244,4.688,0.647,1.13,0.156,0.217,0.03,0.0,0.000
