Device_id,kernel_name,kernel_type,stream_id,task_id,task_time(us),task_start(us),task_stop(us)
0,N/A,PROFILING_ENABLE,135,3,0.020,1789389240896562.083	,1789389240896562.103	
0,MhcHeadCollapse,AI_VECTOR_CORE,188,0,22.201,1789389240921494.561	,1789389240921516.762	
0,MhcHeadCollapse,AI_VECTOR_CORE,188,1,19.781,1789389240921536.502	,1789389240921556.283	
0,MhcHeadCollapse,AI_VECTOR_CORE,188,2,9.660,1789389240921559.503	,1789389240921569.163	
0,MhcHeadCollapse,AI_VECTOR_CORE,188,3,9.760,1789389240921569.203	,1789389240921578.963	
0,MhcHeadCollapse,AI_VECTOR_CORE,188,4,9.260,1789389240921578.983	,1789389240921588.243	
0,MhcHeadCollapse,AI_VECTOR_CORE,188,5,9.160,1789389240921588.263	,1789389240921597.423	
0,MhcHeadCollapse,AI_VECTOR_CORE,188,6,9.641,1789389240921597.463	,1789389240921607.104	
0,MhcHeadCollapse,AI_VECTOR_CORE,188,7,9.440,1789389240921607.144	,1789389240921616.584	
0,MhcHeadCollapse,AI_VECTOR_CORE,188,8,8.980,1789389240921616.624	,1789389240921625.604	
0,MhcHeadCollapse,AI_VECTOR_CORE,188,9,9.140,1789389240921625.624	,1789389240921634.764	
0,MhcHeadCollapse,AI_VECTOR_CORE,188,10,9.280,1789389240921634.784	,1789389240921644.064	
0,MhcHeadCollapse,AI_VECTOR_CORE,188,11,9.341,1789389240921644.084	,1789389240921653.425	
0,MhcHeadCollapse,AI_VECTOR_CORE,188,12,9.300,1789389240921653.445	,1789389240921662.745	
0,MhcHeadCollapse,AI_VECTOR_CORE,188,13,9.480,1789389240921662.765	,1789389240921672.245	
0,MhcHeadCollapse,AI_VECTOR_CORE,188,14,9.620,1789389240921672.265	,1789389240921681.885	
0,MhcHeadCollapse,AI_VECTOR_CORE,188,15,9.620,1789389240921681.905	,1789389240921691.525	
0,MhcHeadCollapse,AI_VECTOR_CORE,188,16,9.761,1789389240921691.545	,1789389240921701.306	
0,MhcHeadCollapse,AI_VECTOR_CORE,188,17,8.980,1789389240921701.346	,1789389240921710.326	
0,MhcHeadCollapse,AI_VECTOR_CORE,188,18,9.480,1789389240921710.346	,1789389240921719.826	
0,MhcHeadCollapse,AI_VECTOR_CORE,188,19,9.440,1789389240921719.846	,1789389240921729.286	
0,MhcHeadCollapse,AI_VECTOR_CORE,188,20,9.560,1789389240921729.326	,1789389240921738.886	
0,MhcHeadCollapse,AI_VECTOR_CORE,188,21,9.440,1789389240921738.906	,1789389240921748.346	
0,MhcHeadCollapse,AI_VECTOR_CORE,188,22,9.181,1789389240921748.386	,1789389240921757.567	
0,MhcHeadCollapse,AI_VECTOR_CORE,188,23,9.160,1789389240921757.587	,1789389240921766.747	
0,MhcHeadCollapse,AI_VECTOR_CORE,188,24,9.380,1789389240921766.767	,1789389240921776.147	
0,N/A,EVENT_RECORD,188,25,0.000,1789389240921849.508	,1789389240921849.508	
0,MhcHeadCollapse,AI_VECTOR_CORE,188,26,9.400,1789389240921851.069	,1789389240921860.469	
0,MhcHeadCollapse,AI_VECTOR_CORE,188,27,9.440,1789389240921861.849	,1789389240921871.289	
0,MhcHeadCollapse,AI_VECTOR_CORE,188,28,9.640,1789389240921871.329	,1789389240921880.969	
0,MhcHeadCollapse,AI_VECTOR_CORE,188,29,9.820,1789389240921880.989	,1789389240921890.809	
0,MhcHeadCollapse,AI_VECTOR_CORE,188,30,9.161,1789389240921890.829	,1789389240921899.990	
0,MhcHeadCollapse,AI_VECTOR_CORE,188,31,9.300,1789389240921900.010	,1789389240921909.310	
0,MhcHeadCollapse,AI_VECTOR_CORE,188,32,9.280,1789389240921909.350	,1789389240921918.630	
0,MhcHeadCollapse,AI_VECTOR_CORE,188,33,8.820,1789389240921918.650	,1789389240921927.470	
0,MhcHeadCollapse,AI_VECTOR_CORE,188,34,9.180,1789389240921927.490	,1789389240921936.670	
0,MhcHeadCollapse,AI_VECTOR_CORE,188,35,9.020,1789389240921936.690	,1789389240921945.710	
0,N/A,EVENT_RECORD,188,36,0.020,1789389240921957.011	,1789389240921957.031	
0,N/A,EVENT_RECORD,188,37,0.020,1789389240922018.972	,1789389240922018.992	
0,MhcHeadCollapse,AI_VECTOR_CORE,188,38,9.320,1789389240922039.852	,1789389240922049.172	
0,MhcHeadCollapse,AI_VECTOR_CORE,188,39,9.440,1789389240922051.253	,1789389240922060.693	
0,MhcHeadCollapse,AI_VECTOR_CORE,188,40,9.620,1789389240922066.353	,1789389240922075.973	
0,MhcHeadCollapse,AI_VECTOR_CORE,188,41,9.800,1789389240922075.993	,1789389240922085.793	
0,MhcHeadCollapse,AI_VECTOR_CORE,188,42,9.100,1789389240922085.833	,1789389240922094.933	
0,MhcHeadCollapse,AI_VECTOR_CORE,188,43,9.321,1789389240922094.953	,1789389240922104.274	
0,MhcHeadCollapse,AI_VECTOR_CORE,188,44,9.260,1789389240922104.294	,1789389240922113.554	
0,MhcHeadCollapse,AI_VECTOR_CORE,188,45,9.420,1789389240922113.574	,1789389240922122.994	
0,MhcHeadCollapse,AI_VECTOR_CORE,188,46,9.220,1789389240922123.014	,1789389240922132.234	
0,MhcHeadCollapse,AI_VECTOR_CORE,188,47,8.960,1789389240922132.254	,1789389240922141.214	
0,N/A,EVENT_RECORD,188,48,0.020,1789389240922141.234	,1789389240922141.254	
0,N/A,EVENT_RECORD,188,49,0.020,1789389240922183.715	,1789389240922183.735	
0,MhcHeadCollapse,AI_VECTOR_CORE,188,50,9.381,1789389240922195.275	,1789389240922204.656	
0,MhcHeadCollapse,AI_VECTOR_CORE,188,51,9.440,1789389240922210.056	,1789389240922219.496	
0,MhcHeadCollapse,AI_VECTOR_CORE,188,52,8.960,1789389240922219.536	,1789389240922228.496	
0,MhcHeadCollapse,AI_VECTOR_CORE,188,53,9.820,1789389240922228.516	,1789389240922238.336	
0,MhcHeadCollapse,AI_VECTOR_CORE,188,54,9.040,1789389240922238.376	,1789389240922247.416	
0,MhcHeadCollapse,AI_VECTOR_CORE,188,55,9.301,1789389240922247.436	,1789389240922256.737	
0,MhcHeadCollapse,AI_VECTOR_CORE,188,56,9.220,1789389240922256.757	,1789389240922265.977	
0,MhcHeadCollapse,AI_VECTOR_CORE,188,57,9.500,1789389240922265.997	,1789389240922275.497	
0,MhcHeadCollapse,AI_VECTOR_CORE,188,58,9.220,1789389240922275.517	,1789389240922284.737	
0,MhcHeadCollapse,AI_VECTOR_CORE,188,59,9.000,1789389240922284.757	,1789389240922293.757	
0,N/A,EVENT_RECORD,188,60,0.020,1789389240922293.777	,1789389240922293.797	
0,N/A,EVENT_RECORD,188,61,0.020,1789389240922333.798	,1789389240922333.818	
0,MhcHeadCollapse,AI_VECTOR_CORE,188,62,9.320,1789389240922354.979	,1789389240922364.299	
0,MhcHeadCollapse,AI_VECTOR_CORE,188,63,9.620,1789389240922364.319	,1789389240922373.939	
0,MhcHeadCollapse,AI_VECTOR_CORE,188,64,9.640,1789389240922377.259	,1789389240922386.899	
0,MhcHeadCollapse,AI_VECTOR_CORE,188,65,9.560,1789389240922386.919	,1789389240922396.479	
0,MhcHeadCollapse,AI_VECTOR_CORE,188,66,9.101,1789389240922396.499	,1789389240922405.600	
0,MhcHeadCollapse,AI_VECTOR_CORE,188,67,9.560,1789389240922405.640	,1789389240922415.200	
0,MhcHeadCollapse,AI_VECTOR_CORE,188,68,9.460,1789389240922415.220	,1789389240922424.680	
0,MhcHeadCollapse,AI_VECTOR_CORE,188,69,9.300,1789389240922424.700	,1789389240922434.000	
0,MhcHeadCollapse,AI_VECTOR_CORE,188,70,8.760,1789389240922434.020	,1789389240922442.780	
0,MhcHeadCollapse,AI_VECTOR_CORE,188,71,9.541,1789389240922442.800	,1789389240922452.341	
0,N/A,EVENT_RECORD,188,72,0.020,1789389240922452.361	,1789389240922452.381	
0,N/A,EVENT_RECORD,188,73,0.020,1789389240922486.641	,1789389240922486.661	
0,MhcHeadCollapse,AI_VECTOR_CORE,188,74,9.400,1789389240922508.022	,1789389240922517.422	
0,MhcHeadCollapse,AI_VECTOR_CORE,188,75,9.640,1789389240922517.442	,1789389240922527.082	
0,MhcHeadCollapse,AI_VECTOR_CORE,188,76,9.500,1789389240922527.102	,1789389240922536.602	
0,MhcHeadCollapse,AI_VECTOR_CORE,188,77,9.840,1789389240922536.622	,1789389240922546.462	
0,MhcHeadCollapse,AI_VECTOR_CORE,188,78,9.161,1789389240922546.482	,1789389240922555.643	
0,MhcHeadCollapse,AI_VECTOR_CORE,188,79,9.280,1789389240922555.663	,1789389240922564.943	
0,MhcHeadCollapse,AI_VECTOR_CORE,188,80,9.400,1789389240922564.963	,1789389240922574.363	
0,MhcHeadCollapse,AI_VECTOR_CORE,188,81,9.420,1789389240922574.383	,1789389240922583.803	
0,MhcHeadCollapse,AI_VECTOR_CORE,188,82,9.200,1789389240922583.823	,1789389240922593.023	
0,MhcHeadCollapse,AI_VECTOR_CORE,188,83,8.961,1789389240922593.043	,1789389240922602.004	
0,N/A,EVENT_RECORD,188,84,0.020,1789389240922602.024	,1789389240922602.044	
0,N/A,EVENT_RECORD,188,85,0.020,1789389240922636.284	,1789389240922636.304	
0,MhcHeadCollapse,AI_VECTOR_CORE,188,86,9.420,1789389240922657.765	,1789389240922667.185	
0,MhcHeadCollapse,AI_VECTOR_CORE,188,87,8.820,1789389240922667.205	,1789389240922676.025	
0,MhcHeadCollapse,AI_VECTOR_CORE,188,88,9.560,1789389240922676.045	,1789389240922685.605	
0,MhcHeadCollapse,AI_VECTOR_CORE,188,89,9.800,1789389240922685.625	,1789389240922695.425	
0,MhcHeadCollapse,AI_VECTOR_CORE,188,90,9.081,1789389240922695.445	,1789389240922704.526	
0,MhcHeadCollapse,AI_VECTOR_CORE,188,91,9.300,1789389240922704.566	,1789389240922713.866	
0,MhcHeadCollapse,AI_VECTOR_CORE,188,92,9.320,1789389240922713.906	,1789389240922723.226	
0,MhcHeadCollapse,AI_VECTOR_CORE,188,93,9.400,1789389240922723.246	,1789389240922732.646	
0,MhcHeadCollapse,AI_VECTOR_CORE,188,94,9.240,1789389240922732.666	,1789389240922741.906	
0,MhcHeadCollapse,AI_VECTOR_CORE,188,95,9.000,1789389240922741.926	,1789389240922750.926	
0,N/A,EVENT_RECORD,188,96,0.020,1789389240922750.946	,1789389240922750.966	
0,N/A,EVENT_RECORD,188,97,0.020,1789389240922786.367	,1789389240922786.387	
0,MhcHeadCollapse,AI_VECTOR_CORE,188,98,9.360,1789389240922807.828	,1789389240922817.188	
0,MhcHeadCollapse,AI_VECTOR_CORE,188,99,9.600,1789389240922819.008	,1789389240922828.608	
0,MhcHeadCollapse,AI_VECTOR_CORE,188,100,9.480,1789389240922828.648	,1789389240922838.128	
0,MhcHeadCollapse,AI_VECTOR_CORE,188,101,9.820,1789389240922838.148	,1789389240922847.968	
0,MhcHeadCollapse,AI_VECTOR_CORE,188,102,9.101,1789389240922847.988	,1789389240922857.089	
0,MhcHeadCollapse,AI_VECTOR_CORE,188,103,9.300,1789389240922861.909	,1789389240922871.209	
0,MhcHeadCollapse,AI_VECTOR_CORE,188,104,9.340,1789389240922872.309	,1789389240922881.649	
0,MhcHeadCollapse,AI_VECTOR_CORE,188,105,9.500,1789389240922881.689	,1789389240922891.189	
0,MhcHeadCollapse,AI_VECTOR_CORE,188,106,9.161,1789389240922891.209	,1789389240922900.370	
0,MhcHeadCollapse,AI_VECTOR_CORE,188,107,9.020,1789389240922900.390	,1789389240922909.410	
0,N/A,EVENT_RECORD,188,108,0.020,1789389240922912.950	,1789389240922912.970	
0,N/A,EVENT_RECORD,188,109,0.020,1789389240922954.671	,1789389240922954.691	
0,MhcHeadCollapse,AI_VECTOR_CORE,188,110,9.400,1789389240922965.031	,1789389240922974.431	
0,MhcHeadCollapse,AI_VECTOR_CORE,188,111,9.640,1789389240922981.631	,1789389240922991.271	
0,MhcHeadCollapse,AI_VECTOR_CORE,188,112,9.601,1789389240922991.291	,1789389240923000.892	
0,MhcHeadCollapse,AI_VECTOR_CORE,188,113,9.840,1789389240923000.912	,1789389240923010.752	
0,MhcHeadCollapse,AI_VECTOR_CORE,188,114,9.060,1789389240923010.772	,1789389240923019.832	
0,MhcHeadCollapse,AI_VECTOR_CORE,188,115,9.460,1789389240923019.852	,1789389240923029.312	
0,MhcHeadCollapse,AI_VECTOR_CORE,188,116,9.200,1789389240923029.332	,1789389240923038.532	
0,MhcHeadCollapse,AI_VECTOR_CORE,188,117,9.520,1789389240923038.552	,1789389240923048.072	
0,MhcHeadCollapse,AI_VECTOR_CORE,188,118,9.141,1789389240923048.092	,1789389240923057.233	
0,MhcHeadCollapse,AI_VECTOR_CORE,188,119,9.000,1789389240923057.253	,1789389240923066.253	
0,N/A,EVENT_RECORD,188,120,0.000,1789389240923066.293	,1789389240923066.293	
0,N/A,EVENT_RECORD,188,121,0.020,1789389240923106.574	,1789389240923106.594	
0,MhcHeadCollapse,AI_VECTOR_CORE,188,122,9.400,1789389240923117.194	,1789389240923126.594	
0,MhcHeadCollapse,AI_VECTOR_CORE,188,123,9.640,1789389240923133.674	,1789389240923143.314	
0,MhcHeadCollapse,AI_VECTOR_CORE,188,124,9.601,1789389240923143.334	,1789389240923152.935	
0,MhcHeadCollapse,AI_VECTOR_CORE,188,125,9.800,1789389240923152.955	,1789389240923162.755	
0,MhcHeadCollapse,AI_VECTOR_CORE,188,126,9.040,1789389240923162.795	,1789389240923171.835	
0,MhcHeadCollapse,AI_VECTOR_CORE,188,127,9.260,1789389240923171.855	,1789389240923181.115	
0,MhcHeadCollapse,AI_VECTOR_CORE,188,128,9.200,1789389240923182.635	,1789389240923191.835	
0,MhcHeadCollapse,AI_VECTOR_CORE,188,129,9.501,1789389240923191.875	,1789389240923201.376	
0,MhcHeadCollapse,AI_VECTOR_CORE,188,130,9.180,1789389240923201.396	,1789389240923210.576	
0,MhcHeadCollapse,AI_VECTOR_CORE,188,131,9.580,1789389240923210.596	,1789389240923220.176	
0,N/A,EVENT_RECORD,188,132,0.020,1789389240923220.196	,1789389240923220.216	
0,N/A,EVENT_RECORD,188,133,0.020,1789389240923254.597	,1789389240923254.617	
0,MhcHeadCollapse,AI_VECTOR_CORE,188,134,9.400,1789389240923277.437	,1789389240923286.837	
0,MhcHeadCollapse,AI_VECTOR_CORE,188,135,9.600,1789389240923286.857	,1789389240923296.457	
0,MhcHeadCollapse,AI_VECTOR_CORE,188,136,9.561,1789389240923296.497	,1789389240923306.058	
0,MhcHeadCollapse,AI_VECTOR_CORE,188,137,9.800,1789389240923306.078	,1789389240923315.878	
0,MhcHeadCollapse,AI_VECTOR_CORE,188,138,9.060,1789389240923315.918	,1789389240923324.978	
0,MhcHeadCollapse,AI_VECTOR_CORE,188,139,9.280,1789389240923324.998	,1789389240923334.278	
0,MhcHeadCollapse,AI_VECTOR_CORE,188,140,9.220,1789389240923334.298	,1789389240923343.518	
0,MhcHeadCollapse,AI_VECTOR_CORE,188,141,9.541,1789389240923343.538	,1789389240923353.079	
0,MhcHeadCollapse,AI_VECTOR_CORE,188,142,9.180,1789389240923353.099	,1789389240923362.279	
0,MhcHeadCollapse,AI_VECTOR_CORE,188,143,8.980,1789389240923362.299	,1789389240923371.279	
0,N/A,EVENT_RECORD,188,144,0.020,1789389240923371.299	,1789389240923371.319	
0,N/A,EVENT_RECORD,188,145,0.020,1789389240923413.340	,1789389240923413.360	
0,MhcHeadCollapse,AI_VECTOR_CORE,188,146,9.460,1789389240923429.640	,1789389240923439.100	
0,MhcHeadCollapse,AI_VECTOR_CORE,188,147,9.640,1789389240923439.120	,1789389240923448.760	
0,MhcHeadCollapse,AI_VECTOR_CORE,188,148,9.581,1789389240923448.780	,1789389240923458.361	
0,MhcHeadCollapse,AI_VECTOR_CORE,188,149,9.820,1789389240923473.461	,1789389240923483.281	
0,MhcHeadCollapse,AI_VECTOR_CORE,188,150,9.100,1789389240923483.301	,1789389240923492.401	
0,MhcHeadCollapse,AI_VECTOR_CORE,188,151,9.381,1789389240923492.421	,1789389240923501.802	
0,MhcHeadCollapse,AI_VECTOR_CORE,188,152,9.700,1789389240923501.822	,1789389240923511.522	
0,MhcHeadCollapse,AI_VECTOR_CORE,188,153,9.560,1789389240923520.242	,1789389240923529.802	
0,MhcHeadCollapse,AI_VECTOR_CORE,188,154,9.220,1789389240923529.822	,1789389240923539.042	
0,MhcHeadCollapse,AI_VECTOR_CORE,188,155,8.960,1789389240923539.062	,1789389240923548.022	
0,N/A,EVENT_RECORD,188,156,0.020,1789389240923548.042	,1789389240923548.062	
0,N/A,EVENT_RECORD,188,157,0.020,1789389240923591.903	,1789389240923591.923	
0,MhcHeadCollapse,AI_VECTOR_CORE,188,158,9.360,1789389240923603.044	,1789389240923612.404	
0,MhcHeadCollapse,AI_VECTOR_CORE,188,159,9.620,1789389240923619.404	,1789389240923629.024	
0,MhcHeadCollapse,AI_VECTOR_CORE,188,160,9.660,1789389240923629.044	,1789389240923638.704	
0,MhcHeadCollapse,AI_VECTOR_CORE,188,161,9.000,1789389240923638.724	,1789389240923647.724	
0,MhcHeadCollapse,AI_VECTOR_CORE,188,162,9.101,1789389240923647.744	,1789389240923656.845	
0,MhcHeadCollapse,AI_VECTOR_CORE,188,163,9.300,1789389240923656.885	,1789389240923666.185	
0,MhcHeadCollapse,AI_VECTOR_CORE,188,164,9.240,1789389240923666.205	,1789389240923675.445	
0,MhcHeadCollapse,AI_VECTOR_CORE,188,165,9.520,1789389240923675.465	,1789389240923684.985	
0,MhcHeadCollapse,AI_VECTOR_CORE,188,166,9.220,1789389240923685.005	,1789389240923694.225	
0,MhcHeadCollapse,AI_VECTOR_CORE,188,167,8.941,1789389240923694.245	,1789389240923703.186	
0,N/A,EVENT_RECORD,188,168,0.000,1789389240923703.306	,1789389240923703.306	
0,N/A,EVENT_RECORD,188,169,0.020,1789389240923745.486	,1789389240923745.506	
0,MhcHeadCollapse,AI_VECTOR_CORE,188,170,9.380,1789389240923757.247	,1789389240923766.627	
0,MhcHeadCollapse,AI_VECTOR_CORE,188,171,9.620,1789389240923772.087	,1789389240923781.707	
0,MhcHeadCollapse,AI_VECTOR_CORE,188,172,9.560,1789389240923781.747	,1789389240923791.307	
0,MhcHeadCollapse,AI_VECTOR_CORE,188,173,9.841,1789389240923791.327	,1789389240923801.168	
0,MhcHeadCollapse,AI_VECTOR_CORE,188,174,9.440,1789389240923801.188	,1789389240923810.628	
0,MhcHeadCollapse,AI_VECTOR_CORE,188,175,9.380,1789389240923810.648	,1789389240923820.028	
0,MhcHeadCollapse,AI_VECTOR_CORE,188,176,9.220,1789389240923820.048	,1789389240923829.268	
0,MhcHeadCollapse,AI_VECTOR_CORE,188,177,9.540,1789389240923829.288	,1789389240923838.828	
0,MhcHeadCollapse,AI_VECTOR_CORE,188,178,9.180,1789389240923838.848	,1789389240923848.028	
0,MhcHeadCollapse,AI_VECTOR_CORE,188,179,8.981,1789389240923848.048	,1789389240923857.029	
0,N/A,EVENT_RECORD,188,180,0.020,1789389240923857.049	,1789389240923857.069	
0,N/A,EVENT_RECORD,188,181,0.020,1789389240923896.929	,1789389240923896.949	
0,MhcHeadCollapse,AI_VECTOR_CORE,188,182,9.360,1789389240923908.510	,1789389240923917.870	
0,MhcHeadCollapse,AI_VECTOR_CORE,188,183,9.620,1789389240923923.650	,1789389240923933.270	
0,MhcHeadCollapse,AI_VECTOR_CORE,188,184,9.620,1789389240923933.290	,1789389240923942.910	
0,MhcHeadCollapse,AI_VECTOR_CORE,188,185,8.980,1789389240923942.930	,1789389240923951.910	
0,MhcHeadCollapse,AI_VECTOR_CORE,188,186,8.981,1789389240923951.930	,1789389240923960.911	
0,MhcHeadCollapse,AI_VECTOR_CORE,188,187,9.360,1789389240923960.931	,1789389240923970.291	
0,MhcHeadCollapse,AI_VECTOR_CORE,188,188,9.160,1789389240923970.331	,1789389240923979.491	
0,MhcHeadCollapse,AI_VECTOR_CORE,188,189,9.520,1789389240923979.531	,1789389240923989.051	
0,MhcHeadCollapse,AI_VECTOR_CORE,188,190,9.220,1789389240923989.071	,1789389240923998.291	
0,MhcHeadCollapse,AI_VECTOR_CORE,188,191,9.001,1789389240923998.311	,1789389240924007.312	
0,N/A,EVENT_RECORD,188,192,0.020,1789389240924007.332	,1789389240924007.352	
0,N/A,EVENT_RECORD,188,193,0.020,1789389240924044.792	,1789389240924044.812	
0,MhcHeadCollapse,AI_VECTOR_CORE,188,194,9.340,1789389240924067.253	,1789389240924076.593	
0,MhcHeadCollapse,AI_VECTOR_CORE,188,195,9.460,1789389240924078.093	,1789389240924087.553	
0,MhcHeadCollapse,AI_VECTOR_CORE,188,196,9.601,1789389240924093.333	,1789389240924102.934	
0,MhcHeadCollapse,AI_VECTOR_CORE,188,197,9.720,1789389240924102.974	,1789389240924112.694	
0,MhcHeadCollapse,AI_VECTOR_CORE,188,198,9.060,1789389240924112.714	,1789389240924121.774	
0,MhcHeadCollapse,AI_VECTOR_CORE,188,199,8.640,1789389240924121.794	,1789389240924130.434	
0,MhcHeadCollapse,AI_VECTOR_CORE,188,200,8.780,1789389240924130.454	,1789389240924139.234	
0,MhcHeadCollapse,AI_VECTOR_CORE,188,201,9.500,1789389240924139.254	,1789389240924148.754	
0,MhcHeadCollapse,AI_VECTOR_CORE,188,202,9.281,1789389240924148.774	,1789389240924158.055	
0,MhcHeadCollapse,AI_VECTOR_CORE,188,203,9.000,1789389240924158.075	,1789389240924167.075	
0,N/A,EVENT_RECORD,188,204,0.020,1789389240924167.095	,1789389240924167.115	
0,N/A,EVENT_RECORD,188,205,0.020,1789389240924214.156	,1789389240924214.176	
0,MhcHeadCollapse,AI_VECTOR_CORE,188,206,9.380,1789389240924225.856	,1789389240924235.236	
0,MhcHeadCollapse,AI_VECTOR_CORE,188,207,9.440,1789389240924240.996	,1789389240924250.436	
0,MhcHeadCollapse,AI_VECTOR_CORE,188,208,9.621,1789389240924250.456	,1789389240924260.077	
0,MhcHeadCollapse,AI_VECTOR_CORE,188,209,9.820,1789389240924260.097	,1789389240924269.917	
0,MhcHeadCollapse,AI_VECTOR_CORE,188,210,9.060,1789389240924269.937	,1789389240924278.997	
0,MhcHeadCollapse,AI_VECTOR_CORE,188,211,9.300,1789389240924279.017	,1789389240924288.317	
0,MhcHeadCollapse,AI_VECTOR_CORE,188,212,9.280,1789389240924288.337	,1789389240924297.617	
0,MhcHeadCollapse,AI_VECTOR_CORE,188,213,9.521,1789389240924297.637	,1789389240924307.158	
0,MhcHeadCollapse,AI_VECTOR_CORE,188,214,9.300,1789389240924307.178	,1789389240924316.478	
0,MhcHeadCollapse,AI_VECTOR_CORE,188,215,8.980,1789389240924316.498	,1789389240924325.478	
0,N/A,EVENT_RECORD,188,216,0.020,1789389240924325.498	,1789389240924325.518	
0,N/A,EVENT_RECORD,188,217,0.020,1789389240924366.959	,1789389240924366.979	
0,MhcHeadCollapse,AI_VECTOR_CORE,188,218,9.440,1789389240924389.079	,1789389240924398.519	
0,MhcHeadCollapse,AI_VECTOR_CORE,188,219,9.641,1789389240924398.539	,1789389240924408.180	
0,MhcHeadCollapse,AI_VECTOR_CORE,188,220,9.500,1789389240924408.200	,1789389240924417.700	
0,MhcHeadCollapse,AI_VECTOR_CORE,188,221,9.820,1789389240924417.720	,1789389240924427.540	
0,MhcHeadCollapse,AI_VECTOR_CORE,188,222,9.040,1789389240924427.580	,1789389240924436.620	
0,MhcHeadCollapse,AI_VECTOR_CORE,188,223,9.320,1789389240924438.860	,1789389240924448.180	
0,MhcHeadCollapse,AI_VECTOR_CORE,188,224,9.381,1789389240924448.200	,1789389240924457.581	
0,MhcHeadCollapse,AI_VECTOR_CORE,188,225,8.880,1789389240924457.601	,1789389240924466.481	
0,MhcHeadCollapse,AI_VECTOR_CORE,188,226,9.180,1789389240924466.501	,1789389240924475.681	
0,MhcHeadCollapse,AI_VECTOR_CORE,188,227,9.020,1789389240924475.701	,1789389240924484.721	
0,N/A,EVENT_RECORD,188,228,0.020,1789389240924484.741	,1789389240924484.761	
0,N/A,EVENT_RECORD,188,229,0.020,1789389240924522.302	,1789389240924522.322	
0,MhcHeadCollapse,AI_VECTOR_CORE,188,230,9.400,1789389240924537.442	,1789389240924546.842	
0,MhcHeadCollapse,AI_VECTOR_CORE,188,231,9.621,1789389240924548.462	,1789389240924558.083	
0,MhcHeadCollapse,AI_VECTOR_CORE,188,232,9.620,1789389240924561.503	,1789389240924571.123	
0,MhcHeadCollapse,AI_VECTOR_CORE,188,233,9.900,1789389240924571.143	,1789389240924581.043	
0,MhcHeadCollapse,AI_VECTOR_CORE,188,234,9.040,1789389240924581.063	,1789389240924590.103	
0,MhcHeadCollapse,AI_VECTOR_CORE,188,235,9.300,1789389240924591.723	,1789389240924601.023	
0,MhcHeadCollapse,AI_VECTOR_CORE,188,236,9.261,1789389240924601.043	,1789389240924610.304	
0,MhcHeadCollapse,AI_VECTOR_CORE,188,237,9.520,1789389240924610.324	,1789389240924619.844	
0,MhcHeadCollapse,AI_VECTOR_CORE,188,238,9.260,1789389240924619.864	,1789389240924629.124	
0,MhcHeadCollapse,AI_VECTOR_CORE,188,239,8.980,1789389240924629.144	,1789389240924638.124	
0,N/A,EVENT_RECORD,188,240,0.020,1789389240924639.084	,1789389240924639.104	
0,N/A,EVENT_RECORD,188,241,0.020,1789389240924681.645	,1789389240924681.665	
0,MhcHeadCollapse,AI_VECTOR_CORE,188,242,9.720,1789389240924703.066	,1789389240924712.786	
0,MhcHeadCollapse,AI_VECTOR_CORE,188,243,9.600,1789389240924714.326	,1789389240924723.926	
0,MhcHeadCollapse,AI_VECTOR_CORE,188,244,9.600,1789389240924723.946	,1789389240924733.546	
0,MhcHeadCollapse,AI_VECTOR_CORE,188,245,9.800,1789389240924733.566	,1789389240924743.366	
0,MhcHeadCollapse,AI_VECTOR_CORE,188,246,9.120,1789389240924743.386	,1789389240924752.506	
0,MhcHeadCollapse,AI_VECTOR_CORE,188,247,9.320,1789389240924753.967	,1789389240924763.287	
0,MhcHeadCollapse,AI_VECTOR_CORE,188,248,9.280,1789389240924763.307	,1789389240924772.587	
0,MhcHeadCollapse,AI_VECTOR_CORE,188,249,9.500,1789389240924772.607	,1789389240924782.107	
0,MhcHeadCollapse,AI_VECTOR_CORE,188,250,9.260,1789389240924782.127	,1789389240924791.387	
0,MhcHeadCollapse,AI_VECTOR_CORE,188,251,8.940,1789389240924791.407	,1789389240924800.347	
0,N/A,EVENT_RECORD,188,252,0.020,1789389240924800.367	,1789389240924800.387	
0,N/A,EVENT_RECORD,188,253,0.020,1789389240924835.948	,1789389240924835.968	
0,MhcHeadCollapse,AI_VECTOR_CORE,188,254,9.440,1789389240924857.269	,1789389240924866.709	
0,MhcHeadCollapse,AI_VECTOR_CORE,188,255,9.620,1789389240924866.729	,1789389240924876.349	
0,MhcHeadCollapse,AI_VECTOR_CORE,188,256,9.540,1789389240924876.389	,1789389240924885.929	
0,MhcHeadCollapse,AI_VECTOR_CORE,188,257,9.820,1789389240924885.949	,1789389240924895.769	
0,MhcHeadCollapse,AI_VECTOR_CORE,188,258,9.121,1789389240924895.789	,1789389240924904.910	
0,MhcHeadCollapse,AI_VECTOR_CORE,188,259,9.560,1789389240924904.930	,1789389240924914.490	
0,MhcHeadCollapse,AI_VECTOR_CORE,188,260,9.500,1789389240924914.510	,1789389240924924.010	
0,MhcHeadCollapse,AI_VECTOR_CORE,188,261,9.280,1789389240924924.030	,1789389240924933.310	
0,MhcHeadCollapse,AI_VECTOR_CORE,188,262,9.180,1789389240924933.330	,1789389240924942.510	
0,MhcHeadCollapse,AI_VECTOR_CORE,188,263,9.540,1789389240924942.550	,1789389240924952.090	
0,N/A,EVENT_RECORD,188,264,0.020,1789389240924952.110	,1789389240924952.130	
0,N/A,PROFILING_DISABLE,135,4,0.020,1789389240928658.365	,1789389240928658.385	
